id,severity,prompt_style,scenario_topic,prompt_text
001-แพ-ร-นแรง-anaphylaxis-panic,critical,panic,แพ้รุนแรง (Anaphylaxis),คนไข้เพิ่งกินอาหารแล้วอยู่ๆหน้าบวมตาบวม ผื่นขึ้นทั้งตัว หายใจไม่ออกเหมือนคอจะปิด! มีปากกาฉีดอะดรีนาลินอยู่แต่ไม่แน่ใจต้องทำยังไง ช่วยบอกที
001-แพ-ร-นแรง-anaphylaxis-calm,critical,calm,แพ้รุนแรง (Anaphylaxis),ผู้ป่วยเพิ่งทานอาหารแล้วเกิดหน้าบวมตาบวม มีผื่นขึ้นทั่วตัวและเริ่มหายใจลำบาก ตอนนี้ยังรู้สึกตัวและมีอุปกรณ์ฉีดอะดรีนาลินอยู่ ขอคำแนะนำการจัดท่าและขั้นตอนที่ควรทำระหว่างรอรถพยาบาล
001-แพ-ร-นแรง-anaphylaxis-misspelled,critical,misspelled,แพ้รุนแรง (Anaphylaxis),คนไข้พึ่งกินของแล้วจู่ๆหน้าบวมตาบวม ผื่นขึ้นทั้งตัว หายใจม่ายออกเหมือนคอปิดๆ มีปากกาฉีดอะดรีนาลินอยุ่แต่ไม่ชัวร์ทำไง ช่วยบอกหน่อย
002-ล-นล-ม-panic,critical,panic,ลื่นล้ม,เขาลื่นล้มพื้นเปียก หัวฟาดพื้นแรงมาก ตอนนี้มึนๆพูดไม่ค่อยรู้เรื่องจะอ้วก! ต้องขยับตัวเขาไหมหรือห้ามขยับ
002-ล-นล-ม-calm,critical,calm,ลื่นล้ม,มีผู้ป่วยลื่นล้มบนพื้นลื่นและศีรษะกระแทกพื้น ตอนนี้สับสนตอบคำถามไม่ชัดและบ่นปวดหลัง ขอคำแนะนำการประคองคอ การสังเกตอาการอันตราย และการดูแลแผลระหว่างรอความช่วยเหลือ
002-ล-นล-ม-misspelled,critical,misspelled,ลื่นล้ม,ลื่นล้มพื้นลื่น หัวฟาดพื้นดังมาก ตอนนี้มึนๆพูดไม่ค่อยรุ้เรื่องเหมือนจะอ้วก ต้องขยับตัวเค้ามั้ยหรือห้ามขยับเลย
003-ม-อ-แขนขาด-panic,critical,panic,มือ/แขนขาด,อุบัติเหตุเครื่องตัด แขน/ข้อมือขาด เลือดพุ่งหยุดไม่อยู่! ชิ้นส่วนที่ขาดหล่นอยู่ตรงนี้ ต้องทำยังไงกับแผลกับชิ้นส่วนนั้นเดี๋ยวนี้
003-ม-อ-แขนขาด-calm,critical,calm,มือ/แขนขาด,เกิดอุบัติเหตุถูกของมีคมทำให้มือ/แขนขาด เลือดออกมากและผู้ป่วยเริ่มหน้าซีด ชิ้นส่วนที่ขาดยังอยู่ ขอคำแนะนำการกดห้ามเลือดและวิธีเก็บชิ้นส่วนให้ถูกต้องก่อนนำส่งโรงพยาบาล
003-ม-อ-แขนขาด-misspelled,critical,misspelled,มือ/แขนขาด,โดนเครื่องตัด ข้อมือเหมือนขาด เลือดพุ่งไม่หยุดเลย! ชิ้นส่วนที่หล่นอยุ่ตรงนี้ ต้องทำไงกับแผลกับชิ้นส่วนนั้นตอนนี้
004-ขาท-อนล-างห-ก-panic,critical,panic,ขาท่อนล่างหัก,รถล้มแล้วหน้าแข้งผิดรูปเหมือนหัก บางส่วนเหมือนกระดูกจะโผล่ เขาเจ็บมากขยับไม่ได้! ต้องดามยังไง ห้ามให้กินน้ำใช่ไหม
004-ขาท-อนล-างห-ก-calm,critical,calm,ขาท่อนล่างหัก,ผู้ป่วยรถล้ม มีอาการปวดรุนแรงบริเวณหน้าแข้งและขาผิดรูป สงสัยกระดูกหักและอาจมีแผลเปิด ขอคำแนะนำการพยุงข้อเหนือ-ใต้จุดหัก การปิดแผล และการดามขาระหว่างรอรถพยาบาล
004-ขาท-อนล-างห-ก-misspelled,critical,misspelled,ขาท่อนล่างหัก,รถล้ม หน้าแข้งบิดๆเหมือนหัก กระดูกเหมือนจะโผล่ เจ็บมากขยับไม่ได้ ต้องดามยังไงอะ แล้วห้ามให้กินน้ำใช่ปะ
005-โดนสารเคม-ผ-วหน-ง-panic,critical,panic,โดนสารเคมี (ผิวหนัง),สารเคมีหกใส่แขน แสบไหม้มากผิวเริ่มแดงลอก! ตอนนี้ควรล้างน้ำนานแค่ไหน ต้องถอดเสื้อผ้าที่โดนออกเลยไหม
005-โดนสารเคม-ผ-วหน-ง-calm,critical,calm,โดนสารเคมี (ผิวหนัง),มีผู้ป่วยถูกสารเคมีหกใส่ผิวหนังบริเวณแขน รู้สึกแสบปวดและผิวแดงมาก ขอคำแนะนำการล้างด้วยน้ำไหล การถอดเสื้อผ้า/เครื่องประดับที่ปนเปื้อน และการปิดแผลหากมีพุพองก่อนไปโรงพยาบาล
005-โดนสารเคม-ผ-วหน-ง-misspelled,critical,misspelled,โดนสารเคมี (ผิวหนัง),สารเคมีหกใส่แขน แสบมากเหมือนไหม้ ผิวแดงๆจะลอกแล้ว ต้องล้างน้ำนานเท่าไหร่ ถอดเสื้อที่เปื้อนออกเลยมั้ย
006-ห-วใจวาย-ขาดเล-อด-panic,critical,panic,หัวใจวาย/ขาดเลือด,ผู้ใหญ่ที่บ้านเจ็บแน่นหน้าอกมาก เหงื่อแตก ปวดร้าวลงแขน เขาบอกหายใจไม่ทั่วท้อง! ต้องให้เขานั่งหรือนอน แล้วควรโทรเรียกรถพยาบาลยังไงเร็วที่สุด
006-ห-วใจวาย-ขาดเล-อด-calm,critical,calm,หัวใจวาย/ขาดเลือด,ผู้ป่วยมีอาการแน่นหน้าอกและปวดร้าวลงแขนร่วมกับเหงื่อออกมาก ยังรู้สึกตัวแต่ดูอ่อนแรง ขอคำแนะนำการจัดท่าให้สบาย การคลายเสื้อผ้า และขั้นตอนที่ต้องทำหากอาการทรุดหรือหมดสติระหว่างรอรถพยาบาล
006-ห-วใจวาย-ขาดเล-อด-misspelled,critical,misspelled,หัวใจวาย/ขาดเลือด,คนที่บ้านแน่นหน้าอกมาก เหงื่อแตก ปวดร้าวลงแขน หายใจไม่อิ่ม ต้องให้นั่งหรือนอนดี แล้วโทร1669ต้องบอกอะไรบ้าง
007-แขนท-อนล-างห-ก-panic,critical,panic,แขนท่อนล่างหัก,ช่วยด้วยค่ะ ล้มเอามือยันพื้นแล้วข้อมือเหมือนหัก แขนงอผิดรูปเจ็บมาก ขยับไม่ได้เลย มีแผลถลอกเลือดซึม จะทำยังไงดีคะ!
007-แขนท-อนล-างห-ก-calm,critical,calm,แขนท่อนล่างหัก,ผมล้มเอามือยันพื้น ตอนนี้ข้อมือ/ท่อนแขนล่างบวมและผิดรูป เจ็บมากและขยับไม่ได้ มีเลือดซึมเล็กน้อยจากแผลถลอก ขอคำแนะนำการพยุงและห่อแผลก่อนพาไปโรงพยาบาลครับ
007-แขนท-อนล-างห-ก-misspelled,critical,misspelled,แขนท่อนล่างหัก,ช่วยด้วยคับ ล้มเอามือยันพื่น ข้อมือเหมือนหัก แขนงอแปลกๆ เจ็บมากขยับไม่ได้ มีแผลถลอกเลือดซึมนิดหน่อย ต้องทำไงก่อนพาไป รพ
008-ไข-ส-งช-ก-panic,critical,panic,ไข้สูงชัก,ลูกตัวร้อนจี๋แล้วชักค่ะ ตาเหลือก เกร็งกระตุกเหมือนจะกัดลิ้น หนูทำอะไรไม่ถูกเลย!
008-ไข-ส-งช-ก-calm,critical,calm,ไข้สูงชัก,เด็กมีไข้สูงและเกิดอาการชัก เกร็งกระตุก ตาเหลือก ตอนนี้ยังไม่รู้สึกตัวดี ขอคำแนะนำท่าจัดให้นอนและสิ่งที่ห้ามทำระหว่างรอไปโรงพยาบาลครับ
008-ไข-ส-งช-ก-misspelled,critical,misspelled,ไข้สูงชัก,น้องมีไข้สูงมากๆแล้วอยู่ๆก้อชัก ตาเหลือก เกร็งกระตุก เหมือนจะกัดลิ้น ตอนนี้ยังมึนๆ ทำไงดีคะ
009-ตกจากท-ส-ง-panic,critical,panic,ตกจากที่สูง,คนงานตกจากนั่งร้านสูงหลายเมตรค่ะ นอนนิ่งร้องเจ็บหลังมาก ขยับแทบไม่ได้ มีเลือดออกที่หัวนิดหน่อย จะจับลุกก็กลัว!
009-ตกจากท-ส-ง-calm,critical,calm,ตกจากที่สูง,มีผู้บาดเจ็บตกจากที่สูงประมาณ 3 เมตร กระแทกพื้นและบ่นปวดหลังมาก ขยับลำตัวลำบาก มีแผลเลือดออกบริเวณศีรษะเล็กน้อย ขอคำแนะนำการประเมินสติ/การหายใจและการห้ามเลือดโดยไม่เคลื่อนย้ายครับ
009-ตกจากท-ส-ง-misspelled,critical,misspelled,ตกจากที่สูง,มีคนตกจากนั่งร้านประมาน3เมตร กระแทกพื้น เจ็บหลังมาก ขยับแทบม่ะได้ มีเลือดออกที่หัวนิดๆ ควรทำไงก่อนดี
010-แผลหน-งเป-ด-ถลอกล-ก-panic,critical,panic,แผลหนังเปิด/ถลอกลึก,รถล้มค่ะ แผลถลอกลึกมาก หนังเหมือนหลุด เห็นเนื้อแดงๆ เลือดซึมตลอด กลัวติดเชื้อทำไงดี!
010-แผลหน-งเป-ด-ถลอกล-ก-calm,critical,calm,แผลหนังเปิด/ถลอกลึก,เกิดอุบัติเหตุรถล้ม มีแผลถลอกลึกลักษณะหนังเปิด เห็นเนื้อแดงและมีเลือดซึม ต้องการคำแนะนำการล้างแผลอย่างถูกวิธีและการปิดแผลก่อนพบแพทย์ครับ
010-แผลหน-งเป-ด-ถลอกล-ก-misspelled,critical,misspelled,แผลหนังเปิด/ถลอกลึก,รถล้มคะ แผลถลอกลึกมาก หนังเหมือนหลุด เห็นเนื้อแดงๆ เลือดซึมเรื่อยๆ ต้องล้าง/ปิดแผลยังไงดี
011-ส-น-ขก-ด-ไม-ม-แผล-panic,critical,panic,สุนัขกัด (ไม่มีแผล),โดนหมางับค่ะ แต่เหมือนไม่มีแผลนะ แค่น้ำลายเลอะผิว หนูกลัวพิษสุนัขบ้ามากต้องไปฉีดยาเลยไหม!
011-ส-น-ขก-ด-ไม-ม-แผล-calm,critical,calm,สุนัขกัด (ไม่มีแผล),ถูกสุนัขงับแต่ผิวไม่แตก ไม่มีเลือดออก มีเพียงน้ำลายเปื้อนบริเวณผิวหนัง ขอคำแนะนำการล้างทำความสะอาดและการสังเกตอาการสุนัขในช่วงต่อไปครับ
011-ส-น-ขก-ด-ไม-ม-แผล-misspelled,critical,misspelled,สุนัขกัด (ไม่มีแผล),โดนหมางับแต่ไม่เห็นมีแผลเลย แค่น้ำลายเลอะผิว กลัวพิษสุนัขบ้า ต้องล้างยังไง แล้วต้องไปฉีดวัคซีนมั้ยคะ
012-กระด-กไหปลาร-าห-ก-panic,critical,panic,กระดูกไหปลาร้าหัก,ล้มกระแทกไหล่ค่ะ ตอนนี้ไหล่ห้อย เจ็บจี๊ด ยกแขนไม่ได้เลย เหมือนกระดูกไหปลาร้าหัก ทำไงดีคะ!
012-กระด-กไหปลาร-าห-ก-calm,critical,calm,กระดูกไหปลาร้าหัก,ผู้บาดเจ็บล้มกระแทกไหล่ ข้างที่เจ็บมีไหล่ตกและยกแขนไม่ได้ ปวดมากบริเวณไหปลาร้า ขอคำแนะนำการคล้องแขนให้นิ่งและการประคบเย็นระหว่างเตรียมไปโรงพยาบาลครับ
012-กระด-กไหปลาร-าห-ก-misspelled,critical,misspelled,กระดูกไหปลาร้าหัก,ล้มกระแทกไหล่คะ ตอนนี้ไหล่ห้อยๆ เจ็บมาก ยกแขนม่ะได้ เหมือนไหปลาร้าหัก ต้องคล้องแขน/ประคบยังไงก่อนไป รพ
013-ช-กเกร-ง-panic,critical,panic,ชักเกร็ง,คนไข้ที่วอร์ดอยู่ๆ ชักกระตุกทั้งตัว ตาลอย น้ำลายฟูมปากเหมือนกัดลิ้น! เราควรทำยังไงตอนนี้ ต้องจับนอนตะแคงไหม แล้วถ้าชักไม่หยุดต้องทำยังไง?
013-ช-กเกร-ง-calm,critical,calm,ชักเกร็ง,ที่โรงพยาบาลมีผู้ป่วยเกิดอาการชักกระตุก ตาลอย น้ำลายมาก และเกร็งทั้งตัว ขณะนี้ยังชักอยู่ อยากทราบวิธีจัดท่าที่ปลอดภัย ป้องกันศีรษะกระแทก และควรจับเวลานานเท่าไรถึงต้องเรียกรถพยาบาล/ทีมฉุกเฉิน
013-ช-กเกร-ง-misspelled,critical,misspelled,ชักเกร็ง,คนไข้ในวอดอยุ่ๆก้อชักกระตุก ตาลอย น้ำลายฟูมปากเหมือนกัดลิ้น เราต้องทำไงก่อน จับนอนตะแคงได้มั้ย แล้วถ้าชักเกินไม่กี่นาทีควรทำไงอะ?
014-ไฟช-อต-แรงส-ง-panic,critical,panic,ไฟช็อต (แรงสูง),มีคนโดนสายไฟแรงสูงช็อตเหมือนระเบิดดังปัง กระเด็นล้ม ตัวมีรอยไหม้ เรียกแล้วไม่ตอบ! เราจะเข้าไปจับได้ไหม ต้องทำอะไรก่อนเดี๋ยวนี้?
014-ไฟช-อต-แรงส-ง-calm,critical,calm,ไฟช็อต (แรงสูง),เกิดเหตุไฟฟ้าแรงสูงช็อต มีผู้บาดเจ็บกระเด็นล้ม มีแผลไหม้ และไม่ตอบสนองเมื่อเรียก ขอคำแนะนำเรื่องการทำให้พื้นที่ปลอดภัย การตัดกระแสไฟ และขั้นตอนช่วยชีวิต/ดูแลแผลไหม้ระหว่างรอส่งโรงพยาบาล
014-ไฟช-อต-แรงส-ง-misspelled,critical,misspelled,ไฟช็อต (แรงสูง),มีคนโดนไฟแรงสูงช้อต เสียงเหมือนระเบิดแล้วกระเด็นล้ม ตัวมีรอยไหม้ เรียกก้ไม่ตื่น เราเข้าไปแตะได้ป่าว ต้องตัดไฟยังไง แล้วต้องช่วยหายใจ/กดหน้าอกมั้ย?
015-กะโหลกร-าว-panic,critical,panic,กะโหลกร้าว,คนไข้ตกจากที่สูงหัวกระแทกแรงมาก เหมือนหัวบุบ แล้วมีเลือดไหลออกหู/จมูกด้วย เค้าบอกปวดหัวจี๊ดๆ จะอ้วก! เราควรทำอะไร ห้ามขยับคอใช่ไหม?
015-กะโหลกร-าว-calm,critical,calm,กะโหลกร้าว,มีผู้บาดเจ็บตกจากที่สูง ศีรษะกระแทกรุนแรง มีอาการปวดศีรษะมาก คลื่นไส้ และมีเลือด/น้ำไหลจากหูหรือจมูก สงสัยกะโหลกร้าว ขอคำแนะนำการปิดแผลอย่างปลอดภัย การประคบเย็น และการตรึงศีรษะคอระหว่างรอทีมแพทย์
015-กะโหลกร-าว-misspelled,critical,misspelled,กะโหลกร้าว,มีคนตกจากที่สูง หัวกระแทกแรงเหมือนหัวบุบ เลือดออกหู/จมูกด้วย เค้าบอกปวดหัวมากจะอ้วก เราต้องทำไงดี ห้ามขยับหัวคอใช่ป่ะ แล้วแผลบนหัวกดได้มั้ย?
016-ต-นขาห-ก-panic,critical,panic,ต้นขาหัก,มีคนล้มแล้วต้นขาผิดรูป ขาสั้นยาวไม่เท่ากัน เจ็บมากจนขยับไม่ได้ เค้าหน้าซีดจะช็อก! เราจะพยุงยังไง ห้ามยกขาสูงใช่ไหม?
016-ต-นขาห-ก-calm,critical,calm,ต้นขาหัก,ผู้บาดเจ็บสงสัยกระดูกต้นขาหัก ขาผิดรูป ปวดมากและขยับไม่ได้ ขอคำแนะนำการประคองข้อเหนือ-ใต้จุดหัก การห่อ/ดามขาชั่วคราว และการดูแลอาการช็อกพร้อมข้อห้ามเรื่องอาหารน้ำระหว่างรอรถพยาบาล
016-ต-นขาห-ก-misspelled,critical,misspelled,ต้นขาหัก,มีคนล้มเหมือนต้นขาหัก ขาผิดรูป ขาสั้นยาวไม่เท่ากัน เจ็บมากขยับไม่ได้ หน้าซีดๆ เราควรพยุง/ดามยังไงได้บ้าง แล้วให้กินน้ำก่อนได้มั้ย?
017-โดนสาดน-ำกรด-panic,critical,panic,โดนสาดน้ำกรด,มีคนโดนสาดน้ำกรดใส่หน้า แสบมาก ผิวเหมือนไหม้ ร้องลั่น แล้วเหมือนเข้าตาด้วย! ตอนนี้เราต้องทำอะไรทันที ล้างยังไง ห้ามถูใช่ไหม?
017-โดนสาดน-ำกรด-calm,critical,calm,โดนสาดน้ำกรด,มีผู้ถูกทำร้ายด้วยการสาดน้ำกรดบริเวณใบหน้าและอาจเข้าตา มีอาการแสบและผิวไหม้ ขอคำแนะนำการป้องกันตัวผู้ช่วย การเอาสารออกอย่างถูกวิธี การล้างด้วยน้ำสะอาดปริมาณมาก และการปิดแผลก่อนส่งโรงพยาบาล
017-โดนสาดน-ำกรด-misspelled,critical,misspelled,โดนสาดน้ำกรด,มีคนโดนสาดน้ำกรดใส่หน้า แสบสุดๆเหมือนหน้าไหม้ น่าจะเข้าตาด้วย เราต้องทำไรด่วนๆ ล้างน้ำก๊อกได้มั้ย ต้องเช็ดออกก่อนรึป่าว ห้ามถูใช่มั้ย?
018-ไข-ส-งช-ก-เด-ก-panic,critical,panic,ไข้สูงชัก (เด็ก),เด็กตัวร้อนจัดอยู่ดีๆก็ชัก ตาเหลือก ตัวเกร็ง เราตกใจมาก! จะงัดปากได้ไหม แล้วต้องเช็ดตัวด้วยน้ำเย็นหรือแอลกอฮอล์ดี?
018-ไข-ส-งช-ก-เด-ก-calm,critical,calm,ไข้สูงชัก (เด็ก),เด็กมีไข้สูง ตัวร้อนจัดและเกิดอาการชัก ตาเหลือก ขณะนี้ยังไม่รู้สึกตัว ขอคำแนะนำการจัดท่านอนตะแคง การคลายเสื้อผ้า ข้อห้ามเรื่องงัดปาก/ป้อนยา และวิธีเช็ดตัวที่เหมาะสมก่อนรีบไปโรงพยาบาล
018-ไข-ส-งช-ก-เด-ก-misspelled,critical,misspelled,ไข้สูงชัก (เด็ก),เด็กตัวร้อนจี๋เลย แล้วอยุ่ๆก้ชัก ตาเหลือก เกร็ง ไม่รู้สึกตัว เราต้องจับนอนตะแคงใช่มั้ย ห้ามงัดปากใช่ป่าว แล้วเช็ดตัวใช้น้ำเย็น/แอลกอฮอลได้มั้ย?
019-ส-น-ขก-ด-ถลอก-panic,critical,panic,สุนัขกัด (ถลอก),ช่วยด้วยค่ะ! โดนหมากัดที่หน้าแข้งเป็นแผลถลอกแสบมาก เลือดซึมนิดหน่อย ไม่รู้ต้องล้างยังไงและต้องไปฉีดวัคซีนพิษสุนัขบ้าเลยไหมคะ?
019-ส-น-ขก-ด-ถลอก-calm,critical,calm,สุนัขกัด (ถลอก),เมื่อกี้ถูกสุนัขกัดที่หน้าแข้งเป็นแผลถลอกมีเลือดซึมเล็กน้อย อยากทราบวิธีล้างแผลด้วยน้ำกับสบู่ให้ถูกต้อง และควรไปฉีดวัคซีนป้องกันพิษสุนัขบ้าหรือไม่
019-ส-น-ขก-ด-ถลอก-misspelled,critical,misspelled,สุนัขกัด (ถลอก),พอดีโดนหมากัดหน้าแข้งอะคะ เป็นแผลถลอกแสบๆเลือดซึมหน่อยๆ ต้องล้างด้วยน้ำสบู่ยังไง แล้วต้องไปฉีดวัคซีนพิษสุนัขบ้าเลยมั้ยคะ
020-ต-นแขนห-ก-panic,critical,panic,ต้นแขนหัก,แขนเขาเหมือนหักค่ะ! ต้นแขนบิดผิดรูป แขนห้อยลง ขยับไม่ได้ เจ็บมาก เราควรจับประคองยังไง ดามได้ไหม แล้วห้ามกินน้ำกินข้าวใช่ไหม?
020-ต-นแขนห-ก-calm,critical,calm,ต้นแขนหัก,มีผู้บาดเจ็บสงสัยกระดูกต้นแขนหัก แขนผิดรูปและขยับไม่ได้ ปวดมาก ขอคำแนะนำการประคองและพันผ้าพยุง/คล้องแขนให้อยู่นิ่งในท่าที่สบาย และข้อควรหลีกเลี่ยงระหว่างรอไปโรงพยาบาล
020-ต-นแขนห-ก-misspelled,critical,misspelled,ต้นแขนหัก,เหมือนต้นแขนหักคับ แขนบิดๆผิดรูป แขนห้อย ขยับไม่ได้เจ็บมาก ต้องประคอง/ดามยังไงดี แล้วระหว่างนี้ห้ามให้กินน้ำกินข้าวใช่ปะ
021-แมวก-ด-ข-วน-panic,critical,panic,แมวกัด/ข่วน,โดนแมวกัดกับข่วนที่มือค่ะ แผลเหมือนลึกนิดๆ แสบมาก กลัวติดเชื้อ! ต้องล้างยังไง ทายาอะไรได้ แล้วต้องปิดแผลแบบไหนคะ?
021-แมวก-ด-ข-วน-calm,critical,calm,แมวกัด/ข่วน,ถูกแมวกัดและข่วนที่หลังมือ มีรอยเขี้ยวและแผลถลอก ขอวิธีล้างแผลด้วยน้ำสบู่ให้สะอาด การทายาฆ่าเชื้อบริเวณรอบแผล และการปิดด้วยผ้าก๊อซ รวมถึงสัญญาณบวมแดงร้อนปวดที่ควรไปพบแพทย์
021-แมวก-ด-ข-วน-misspelled,critical,misspelled,แมวกัด/ข่วน,โดนแมวกัด/ข่วนที่มือคะ เหมือนมีรอยเขี้ยวลึกๆนิดนึง ต้องล้างด้วยน้ำสบู่แรงๆใช่มั้ย แล้วทาเบตาดีนรอบๆแผลได้ปะ ปิดก๊อซยังไงดี
022-ม-ว-ตถ-ป-กคา-panic,critical,panic,มีวัตถุปักคา,ช่วยด้วย! มีเหล็กปักคาที่ขา เลือดออกและมันยังคาอยู่เลย เราห้ามดึงออกใช่ไหม แล้วต้องพันผ้ารอบๆยังไงให้มันไม่ขยับก่อนพาไปโรงพยาบาล?
022-ม-ว-ตถ-ป-กคา-calm,critical,calm,มีวัตถุปักคา,มีผู้บาดเจ็บถูกวัตถุแหลม (เหล็ก) ปักคาที่ขา วัตถุยังคาอยู่และมีเลือดซึม ขอคำแนะนำการห้ามเลือดโดยวางผ้าสะอาดรอบๆ และการพันยึดให้วัตถุคงที่โดยไม่ดึงออก ระหว่างรีบนำส่งโรงพยาบาล
022-ม-ว-ตถ-ป-กคา-misspelled,critical,misspelled,มีวัตถุปักคา,มีเหล็กเสียบคาขาอยู่คับ เลือดซึมๆ เราไม่ควรดึงออกใช่มั้ย แล้วต้องเอาผ้าก๊อซวางรอบๆกับพันยึดไว้ยังไงไม่ให้มันขยับก่อนถึง รพ.
023-ง-ระบบประสาท-เห-า-จงอาง-panic,critical,panic,งูระบบประสาท (เห่า/จงอาง),โดนงูเห่ากัดที่ข้อเท้าค่ะ เห็นมันแผ่แม่เบี้ย! ตอนนี้เริ่มอ่อนแรง กลัวหายใจไม่ออก ต้องทำอะไรทันที ล้างแผล รัดยังไง แล้วห้ามทาอะไรใช่ไหมคะ?
023-ง-ระบบประสาท-เห-า-จงอาง-calm,critical,calm,งูระบบประสาท (เห่า/จงอาง),สงสัยถูกงูเห่าหรือจงอางกัดบริเวณข้อเท้า มีรอยเขี้ยวและเริ่มรู้สึกอ่อนแรง ขอคำแนะนำการล้างแผลด้วยน้ำและสบู่ การรัดเหนือ-ใต้แผลแบบไม่แน่นเกินเพื่อให้อวัยวะอยู่นิ่ง การวางขาให้ต่ำหรือระดับเดียวกับหัวใจ และสิ่งที่ห้ามทา/ห้ามดูดพิษก่อนรีบไปสถานพยาบาล
023-ง-ระบบประสาท-เห-า-จงอาง-misspelled,critical,misspelled,งูระบบประสาท (เห่า/จงอาง),น่าจะโดนงูเห่ากัดตรงข้อเท้าคะ เห็นมันแผ่แม่เบี้ย ตอนนี้เริ่มอ่อนแรงๆ ต้องล้างด้วยน้ำสบู่ใช่มั้ย รัดเหนือใต้แผลประมาณ3นิ้วมือแบบพอสอดนิ้วได้ใช่ปะ แล้วห้ามทาเหล้า/ยาสีฟันใช่มะ
024-โรคหลอดเล-อดสมอง-panic,critical,panic,โรคหลอดเลือดสมอง,พ่ออยู่ดีๆปากเบี้ยว พูดไม่ชัด แขนขาข้างนึงอ่อนแรงค่ะ! ไม่รู้เริ่มตอนไหนแน่ๆ เมื่อกี้ยังปกติดี ต้องจัดท่านอนยังไง เขาน้ำลายไหลกลืนลำบากด้วย ช่วยบอกทีค่ะ
024-โรคหลอดเล-อดสมอง-calm,critical,calm,โรคหลอดเลือดสมอง,มีผู้สูงอายุมีอาการปากเบี้ยว พูดไม่ชัด และแขนขาข้างขวาอ่อนแรง สังเกตพบเมื่อประมาณ 20 นาทีที่แล้ว (ก่อนหน้านั้นยังปกติ) ขณะนี้ยังตอบสนองได้แต่กลืนลำบากและมีน้ำลายไหล ขอคำแนะนำการจัดท่าพักฟื้น การเฝ้าดูการหายใจ/การตอบสนอง และการดูแลไม่ให้หนาวหรือร้อนเกินไประหว่างรอไปโรงพยาบาล
024-โรคหลอดเล-อดสมอง-misspelled,critical,misspelled,โรคหลอดเลือดสมอง,พ่อจู่ๆปากเบี้ยว พูดไม่ชัด แขนขาข้างนึงแรงหายคะ น่าจะเริ่มเมื่อกี้แต่ไม่ชัวร์ ตอนนี้ยังรู้เรื่องแต่น้ำลายไหลกลืนยาก ต้องจัดท่าพักฟื้นยังไง แล้วต้องคอยดูหายใจ/การตอบสนองแบบไหน
025-ก-นยาเก-นขนาด-panic,critical,panic,กินยาเกินขนาด,ช่วยด้วยค่ะ เขากินยาไปเยอะมากเหมือนจะฆ่าตัวตาย ตอนนี้หมดสติแต่ยังหายใจ น้ำลายฟูมปาก หนูควรทำยังไงดี!
025-ก-นยาเก-นขนาด-calm,critical,calm,กินยาเกินขนาด,มีคนในบ้านกินยาเกินขนาด ตอนนี้หมดสติแต่ยังหายใจและมีน้ำลายฟูมปาก ฉันควรจัดท่านอนและดูแลทางเดินหายใจระหว่างรอไปโรงพยาบาลอย่างไร
025-ก-นยาเก-นขนาด-misspelled,critical,misspelled,กินยาเกินขนาด,ช่วยด่วนน เขากินยาไปเยอะมากเหมือนจะฆ่าตัวตาย ตอนนี้หมดสติแต่ยังหายใจ น้ำลายฟูมปาก ต้องทำไงดีคะ
026-กรดแบตเตอร-โดนผ-ว-panic,critical,panic,กรดแบตเตอรี่โดนผิว,น้ำกรดแบตหกโดนแขน แสบมาก แดงลามแล้ว! ต้องล้างยังไง เอาอะไรทาได้ไหม!
026-กรดแบตเตอร-โดนผ-ว-calm,critical,calm,กรดแบตเตอรี่โดนผิว,กรดจากแบตเตอรี่หกโดนผิวบริเวณแขน มีอาการแสบและแดง ต้องล้างด้วยน้ำไหลนานแค่ไหน และควรถอดเสื้อผ้าหรือเครื่องประดับตรงนั้นอย่างไร
026-กรดแบตเตอร-โดนผ-ว-misspelled,critical,misspelled,กรดแบตเตอรี่โดนผิว,กรดแบตหกโดนผิวแขน แสบมาก แดงๆคันๆ ต้องล้างนำ้กี่นาที แล้วทาอะไรได้มั้ย
027-ผ-ง-ต-อต-อย-ผ-แพ-เหล-กร-นแรง-panic,critical,panic,ผึ้ง/ต่อต่อย (ผู้แพ้เหล้กรุนแรง),โดนต่อยค่ะ บวมเร็วมากแล้วเริ่มหายใจไม่ออก! เหมือนมีเหล็กในอยู่ จะเอาออกยังไงดี!
027-ผ-ง-ต-อต-อย-ผ-แพ-เหล-กร-นแรง-calm,critical,calm,ผึ้ง/ต่อต่อย (ผู้แพ้เหล้กรุนแรง),ผู้ป่วยถูกผึ้ง/ต่อต่อย มีอาการบวมมากและเริ่มหายใจลำบาก เห็นเหมือนมีเหล็กในคาอยู่ ควรเอาเหล็กในออกและดูแลเบื้องต้นอย่างไรระหว่างรีบไปโรงพยาบาล
027-ผ-ง-ต-อต-อย-ผ-แพ-เหล-กร-นแรง-misspelled,critical,misspelled,ผึ้ง/ต่อต่อย (ผู้แพ้เหล้กรุนแรง),โดนผึ้งต่อย บวมเป่งไวมาก แถมหายใจไม่ค่อยออก เหมือนมีเหล็กในคาอยู่ เอาออกยังไงดีคะ
028-ข-อเท-าห-ก-panic,critical,panic,ข้อเท้าหัก,ข้อเท้าพลิกแล้วเหมือนบิดผิดรูป เดินไม่ได้เลย เจ็บมาก! ต้องดามยังไง ห้ามขยับใช่ไหม!
028-ข-อเท-าห-ก-calm,critical,calm,ข้อเท้าหัก,ผู้ป่วยล้มแล้วข้อเท้าผิดรูป ลงน้ำหนักไม่ได้และปวดมาก ควรหยุดใช้งาน ประคบเย็น ยกขา และดามชั่วคราวอย่างไรเพื่อไปโรงพยาบาล
028-ข-อเท-าห-ก-misspelled,critical,misspelled,ข้อเท้าหัก,ข้อเท้าพลิกแรงๆ เหมือนบิดผิดรูป เดินม่ายได้ เจ็บสุดๆ ต้องดามยังไงก่อนพาไป รพ.
029-แผลฉ-กขาดท-เปล-อกตา-panic,critical,panic,แผลฉีกขาดที่เปลือกตา,โดนกระแทกตา หางตาแตก หนังตาฉีก เลือดเข้าตาเต็มเลย! หนูเผลอจะกดไว้ แต่กลัวโดนลูกตา ทำไงดี!
029-แผลฉ-กขาดท-เปล-อกตา-calm,critical,calm,แผลฉีกขาดที่เปลือกตา,มีแผลฉีกขาดที่เปลือกตาหลังโดนกระแทก เลือดเข้าตา ควรป้องกันไม่ให้กดโดนลูกตาและครอบตาไว้แบบไหนระหว่างรอไปโรงพยาบาล
029-แผลฉ-กขาดท-เปล-อกตา-misspelled,critical,misspelled,แผลฉีกขาดที่เปลือกตา,โดนกระแทกตา หางตาแตก หนังตาฉีก เลือดเข้าตาเยอะมาก ควรกดห้ามเลือดได้มั้ยหรือครอบตายังไงดี
030-เล-อดออกร-นแรง-panic,critical,panic,เลือดออกรุนแรง,ช่วยด้วย เลือดพุ่งไม่หยุดจากแผลใหญ่ที่แขน เลือดท่วมมือแล้ว! กดเท่าไหร่ก็ซึมออกมา ทำยังไงให้หยุด!
030-เล-อดออกร-นแรง-calm,critical,calm,เลือดออกรุนแรง,มีผู้บาดเจ็บเลือดออกมากจากแผลใหญ่ที่แขน เลือดไหลไม่หยุดแม้กดด้วยผ้าสะอาด ควรกดทับเพิ่ม ยกแขน และจัดการระหว่างรีบไปโรงพยาบาลอย่างไร
030-เล-อดออกร-นแรง-misspelled,critical,misspelled,เลือดออกรุนแรง,เลือดออกหนักมากจากแผลใหญ่ที่แขน เลือดไหลม่ายหยุด กดผ้าแล้วก็ยังซึม ต้องทำไงต่อ ยกแขนช่วยมั้ย
031-หน-งศ-รษะเป-ด-panic,critical,panic,หนังศีรษะเปิด,ช่วยด้วยค่ะ! พี่โดนเครื่องจักรดึงผม หนังหัวเปิดเป็นแผ่นๆ เห็นเหมือนกะโหลก เลือดไหลท่วมหัวไม่หยุด ทำไงดี!
031-หน-งศ-รษะเป-ด-calm,critical,calm,หนังศีรษะเปิด,มีผู้บาดเจ็บถูกเครื่องจักรดึงผมจนหนังศีรษะฉีกเปิด แผลใหญ่มีเลือดออกมากและเห็นชั้นกระดูกบางส่วน ตอนนี้เรากดแผลไว้แต่เลือดยังซึม ขอคำแนะนำด่วนค่ะ/ครับ
031-หน-งศ-รษะเป-ด-misspelled,critical,misspelled,หนังศีรษะเปิด,ช่วยด่วนนน พี่โดนเครื่องดึงผม หนังหัวเปิดเห้นกะโหลก เลือดไหลเยอะมาก กดไว้แล้วแต่ไม่หยุด ทำไงดีคับ
032-ซ-โครงห-ก-panic,critical,panic,ซี่โครงหัก,เขาล้มกระแทกหน้าอกแล้วเจ็บแปลบมาก หายใจก็เจ็บ ไอทีเหมือนจะขาดใจ กลัวซี่โครงหักทำไงดี!
032-ซ-โครงห-ก-calm,critical,calm,ซี่โครงหัก,ผู้ป่วยล้มกระแทกหน้าอกด้านข้าง มีอาการเจ็บซี่โครงชัดเจนโดยเฉพาะตอนหายใจลึกและไอ มีรอยช้ำเริ่มขึ้น ขอคำแนะนำการดูแลเบื้องต้นและควรไปตรวจอย่างไร
032-ซ-โครงห-ก-misspelled,critical,misspelled,ซี่โครงหัก,ล้มกระแทกอกข้างๆ เจ็บซี่โครงมาก หายใจเข้าลึกๆก้เจ็บ ไอแล้วเจ็บจี๊ด กลัวซี่โครงหัก ต้องทำไงบ้างคับ
033-ส-ดดมก-าซพ-ษ-panic,critical,panic,สูดดมก๊าซพิษ,ในรถเหม็นแก๊สแรงมาก แล้วเขามึนหัวจะเป็นลม หายใจไม่ออก แสบคอแสบจมูก ทำไงเดี๋ยวนี้!
033-ส-ดดมก-าซพ-ษ-calm,critical,calm,สูดดมก๊าซพิษ,มีคนอยู่ในพื้นที่อับอากาศแล้วสูดดมก๊าซ/ควันจนเวียนศีรษะ หายใจลำบาก และมีอาการแสบคอแสบจมูก ตอนนี้พาออกมาที่อากาศถ่ายเทแล้ว ขอคำแนะนำขั้นต่อไป
033-ส-ดดมก-าซพ-ษ-misspelled,critical,misspelled,สูดดมก๊าซพิษ,อยุ่ในรถเหม็นแก้สแรงมาก สูดไปแล้วมึนหัว หายใจไม่ค่อยออก แสบคอแสบจมูก ตอนนี้พาออกมานอกรถแล้ว ควรทำไงต่อ
034-แผลบดท-บ-ประต-หน-บ-panic,critical,panic,แผลบดทับ (ประตูหนีบ),นิ้วโดนประตูหนีบดังปัง เลือดออกที่ข้างเล็บ เล็บเหมือนฉีก ปวดตุบๆจนร้องไห้ ขยับนิ้วแทบไม่ได้!
034-แผลบดท-บ-ประต-หน-บ-calm,critical,calm,แผลบดทับ (ประตูหนีบ),นิ้วมือถูกประตูหนีบ มีแผลเลือดออกบริเวณข้างเล็บและปวดบวมมาก ตอนนี้ยังรู้สึกชาที่ปลายนิ้วเล็กน้อยและขยับได้จำกัด ขอคำแนะนำการปฐมพยาบาลที่ถูกต้อง
034-แผลบดท-บ-ประต-หน-บ-misspelled,critical,misspelled,แผลบดทับ (ประตูหนีบ),นิ้วโดนประตูหนีบ เลือดออกตรงข้างเล็บ เล็บเหมือนฉีก ปวดบวมมากๆ ขยับแทบไม่ได้ แถมปลายนิ้วชาๆ ควรทำไงคับ
035-ห-วใจหย-ดเต-นเฉ-ยบพล-น-panic,critical,panic,หัวใจหยุดเต้นเฉียบพลัน,เขานอนนิ่งไม่ตอบเลย! เรียกก็ไม่ตื่น หน้าเริ่มเขียวเหมือนไม่หายใจ เราต้องทำอะไรตอนนี้ ช่วยบอกที!
035-ห-วใจหย-ดเต-นเฉ-ยบพล-น-calm,critical,calm,หัวใจหยุดเต้นเฉียบพลัน,พบผู้ป่วยหมดสติ เรียกและเขย่าตัวแล้วไม่ตอบสนอง และไม่เห็นการหายใจตามปกติ ตอนนี้มีคนกำลังโทรขอรถพยาบาล ขอคำแนะนำการช่วยชีวิตทันที
035-ห-วใจหย-ดเต-นเฉ-ยบพล-น-misspelled,critical,misspelled,หัวใจหยุดเต้นเฉียบพลัน,คนไข้นอนนิ่ง เรียกแล้วไม่ตื่น เหมือนไม่หายใจ หน้าคล้ำๆ เราควรเริ่มปั้มหัวใจยังไง บอกทีครับ
036-ได-ร-บสารกำจ-ดศ-ตร-พ-ช-panic,critical,panic,ได้รับสารกำจัดศัตรูพืช,เขาไปฉีดยาฆ่าแมลงแล้วเหม็นยาแรงมาก ตอนนี้น้ำลายฟูมปาก ตัวกระตุก หายใจไม่ค่อยออก เราต้องทำไง ห้ามทำอะไรบ้าง!
036-ได-ร-บสารกำจ-ดศ-ตร-พ-ช-calm,critical,calm,ได้รับสารกำจัดศัตรูพืช,ผู้ป่วยสัมผัสสารกำจัดศัตรูพืชระหว่างทำงาน มีอาการคลื่นไส้ น้ำลายมากผิดปกติ และกล้ามเนื้อกระตุกเล็กน้อย ตอนนี้พาออกมาที่อากาศถ่ายเทและถอดเสื้อผ้าที่เปื้อนแล้ว ขอคำแนะนำการดูแลต่อและสิ่งที่ไม่ควรทำ
036-ได-ร-บสารกำจ-ดศ-ตร-พ-ช-misspelled,critical,misspelled,ได้รับสารกำจัดศัตรูพืช,ไปฉีดยาฆ่าแมลงมา เหม็นยามาก ตอนนี้น้ำลายฟูมปาก ตัวกระตุกๆ หายใจไม่ค่อยสะดวก เราพาออกมาลมถ่ายเทแล้ว ต้องล้างตัวยังไง แล้วห้ามให้กินอะไรบ้าง
037-เส-อผ-าเป-อนสารเคม-panic,moderate,panic,เสื้อผ้าเปื้อนสารเคมี,ช่วยด้วยค่ะ เสื้อโดนสารเคมีหกใส่ แขนแสบๆ ร้อนๆ กลัวมันซึมเข้าผิว! ต้องทำยังไงเดี๋ยวนี้คะ
037-เส-อผ-าเป-อนสารเคม-calm,moderate,calm,เสื้อผ้าเปื้อนสารเคมี,เสื้อผ้าฉันเปื้อนสารเคมีจากที่ทำงาน บริเวณแขนเริ่มแสบและระคายเคือง ตอนนี้ควรถอดเสื้อผ้าและล้างตัวตรงที่โดนอย่างไรให้ปลอดภัยคะ
037-เส-อผ-าเป-อนสารเคม-misspelled,moderate,misspelled,เสื้อผ้าเปื้อนสารเคมี,เสื้อเปื้อนสารเคมีอะค่ะ หกใส่แขน แสบๆร้อนๆ กลัวซึมเข้าผิว ต้องทำไงตอนนี้
038-หมดสต-หายใจอย-panic,moderate,panic,หมดสติ (หายใจอยู่),เขาวูบล้มไปเลย ปลุกไม่ตื่น แต่มันยังหายใจอยู่นะคะ คนเริ่มมุงเต็มไปหมด ทำไงดี!
038-หมดสต-หายใจอย-calm,moderate,calm,หมดสติ (หายใจอยู่),มีคนเป็นลมหมดสติ นอนนิ่งแต่ยังหายใจอยู่ ฉันควรจัดท่าให้เขาอย่างไร และระหว่างรอฟื้นควรหลีกเลี่ยงการให้อะไรทางปากไหมคะ
038-หมดสต-หายใจอย-misspelled,moderate,misspelled,หมดสติ (หายใจอยู่),มีคนวูบอะ ปลุกไม่ตื่นแต่ยังหายใจอยู่ คนมุงเยอะมาก ต้องจัดท่ายังไง ห้ามให้น้ำใช่มั้ย
039-ขาดน-ำร-นแรง-panic,moderate,panic,ขาดน้ำรุนแรง,เขาปากแห้งมาก ไม่มีแรงเลย แทบไม่ฉี่ แถมอ้วกกับท้องเสียทั้งวัน กลัวขาดน้ำหนักๆ ทำไงดีคะ!
039-ขาดน-ำร-นแรง-calm,moderate,calm,ขาดน้ำรุนแรง,ผู้ป่วยอ่อนเพลียมาก ปากแห้ง และปัสสาวะน้อย หลังอาเจียนและท้องเสียหลายครั้ง ควรให้ดื่มน้ำหรือเกลือแร่อย่างไรและควรพาไปอยู่ที่ร่มเย็นก่อนไหมคะ
039-ขาดน-ำร-นแรง-misspelled,moderate,misspelled,ขาดน้ำรุนแรง,เหมือนขาดน้ำแรงๆเลย ปากแห้ง ไม่มีแรง ไม่ค่อยฉี่ อ้วกกะท้องเสียทั้งวัน ควรให้กินน้ำ/เกลือแร่ยังไง
040-ตกใจกล-วส-ดข-ด-panic,moderate,panic,ตกใจกลัวสุดขีด,หนูใจสั่น มือสั่น หายใจไม่ออก เหมือนจะตายเลยค่ะ หลังโดนขู่มา ทำยังไงให้มันหยุดที!
040-ตกใจกล-วส-ดข-ด-calm,moderate,calm,ตกใจกลัวสุดขีด,ฉันกำลังมีอาการตื่นตระหนก ใจสั่น มือสั่น และหายใจไม่เต็มอิ่ม หลังเจอเหตุการณ์ที่ทำให้กลัวมาก ขอวิธีตั้งสติและควบคุมการหายใจแบบเป็นขั้นตอนหน่อยค่ะ
040-ตกใจกล-วส-ดข-ด-misspelled,moderate,misspelled,ตกใจกลัวสุดขีด,ตอนนี้แพนิคอะ ใจสั่น มือสั่น หายใจไม่ค่อยออก หลังโดนขู่มา มีวิธีหายใจให้สงบๆมั้ย
041-ภาวะต-วเย-นเก-น-panic,moderate,panic,ภาวะตัวเย็นเกิน,ช่วยด้วย เขาตัวเย็นมาก สั่นไม่หยุด ปากเริ่มม่วง หลังตกน้ำเย็น! ต้องทำอะไรก่อนเดี๋ยวนี้
041-ภาวะต-วเย-นเก-น-calm,moderate,calm,ภาวะตัวเย็นเกิน,มีผู้ป่วยหนาวสั่น ตัวเย็น หลังเปียกน้ำเย็นมาสักพัก ฉันควรพาออกจากที่ลมเย็น ถอดเสื้อผ้าเปียก และเพิ่มความอบอุ่นแบบค่อยเป็นค่อยไปอย่างไรคะ
041-ภาวะต-วเย-นเก-น-misspelled,moderate,misspelled,ภาวะตัวเย็นเกิน,เขาตัวเย็นจัด สั่นๆ ปากซีดม่วงนิดๆ หลังตกน้ำเย็น ควรถอดเสื้อเปียกแล้วห่มผ้ายังไงให้ปลอดภัย
042-ก-างต-ดคอ-panic,moderate,panic,ก้างติดคอ,ก้างปลาติดคอค่ะ เจ็บมาก กลืนก็เจ็บ ทำยังไงให้หลุดเดี๋ยวนี้!
042-ก-างต-ดคอ-calm,moderate,calm,ก้างติดคอ,ฉันน่าจะมีก้างปลาชิ้นเล็กติดคอ รู้สึกเจ็บเวลากลืน ควรลองดื่มน้ำและกลั้วคออย่างไร และถ้าไม่หลุดควรทำอะไรต่อคะ
042-ก-างต-ดคอ-misspelled,moderate,misspelled,ก้างติดคอ,เหมือนก้างปลาติดคออะ เจ็บคอ กลืนเจ็บ ควรลองดื่มน้ำกลั้วคอแรงๆได้มั้ย ถ้าไม่หลุดทำไง
043-ห-วกระแทก-ร-ส-กต-ว-panic,moderate,panic,หัวกระแทก (รู้สึกตัว),ช่วยด้วยค่ะ พ่อผมล้มหัวฟาดพื้น หัวปูดแล้วมีเลือดซึมแต่ยังรู้สึกตัว บ่นเวียนหัวคลื่นไส้ จะทำยังไงดี ห้ามขยับใช่ไหม?
043-ห-วกระแทก-ร-ส-กต-ว-calm,moderate,calm,หัวกระแทก (รู้สึกตัว),มีผู้ป่วยล้มหัวฟาดพื้น ยังรู้สึกตัว แต่ปวดศีรษะและเวียนหัว มีแผลที่หนังศีรษะเลือดซึมเล็กน้อย ควรดูแลเบื้องต้นและสังเกตอาการอะไรบ้างก่อนพาไปโรงพยาบาล?
043-ห-วกระแทก-ร-ส-กต-ว-misspelled,moderate,misspelled,หัวกระแทก (รู้สึกตัว),พ่อผมล้มหัวฟาดพื่นอะครับ ยังรุ้สึกตัวแต่เวียนหัว คลื่นไส้ หัวปูดมีเลือดซึม นี่ต้องทำไงก่อน ห้ามขยับคอใช่มะ?
044-กล-นเหร-ยญ-panic,moderate,panic,กลืนเหรียญ,ลูกเพิ่งกลืนเหรียญไปค่ะ เขาบอกเจ็บคอแต่ยังหายใจได้ หนูควรให้ดื่มน้ำหรือทำให้อ้วกออกไหม รีบทำอะไรตอนนี้!
044-กล-นเหร-ยญ-calm,moderate,calm,กลืนเหรียญ,เด็กกลืนเหรียญเข้าไปเมื่อครู่ ตอนนี้ยังหายใจได้แต่เจ็บคอ ควรงดน้ำงดอาหารและควรหลีกเลี่ยงการล้วงคอหรือทำให้อาเจียนใช่ไหม และต้องไปพบแพทย์อย่างไร?
044-กล-นเหร-ยญ-misspelled,moderate,misspelled,กลืนเหรียญ,เด็กกลืนเหรียญไปเมื่อกี้คะ ยังหายใจออกได้แต่เจบคอ ต้องให้กินน้ำช่วยดันมั้ย หรือทำให้อ้วกออกดี กลัวมากๆ
045-อาหารต-ดคอ-ทารก-panic,moderate,panic,อาหารติดคอ (ทารก),ช่วยด้วยค่ะ ลูกวัยไม่กี่เดือนเหมือนนมติดคอ ไม่ร้องเลย หน้าเริ่มคล้ำๆ ทำยังไงเดี๋ยวนี้ หนูมือสั่น!
045-อาหารต-ดคอ-ทารก-calm,moderate,calm,อาหารติดคอ (ทารก),ทารกสำลักเหมือนมีนมหรืออาหารติดคอ ตอนนี้ร้องไม่ออกและหายใจลำบาก ควรจัดท่าศีรษะต่ำ ตบหลัง 5 ครั้งสลับกดหน้าอก 5 ครั้งอย่างไร และห้ามล้วงปากใช่ไหม?
045-อาหารต-ดคอ-ทารก-misspelled,moderate,misspelled,อาหารติดคอ (ทารก),ลูกทารกสำลักนมอะคะ ไม่ร้องเลย หน้าจะเขียวๆ ทำไงดี ต้องตบหลังยังไง 5ครั้งแล้วกดอกใช่มั้ย ห้ามล้วงปากใช่ปะ
046-ไหล-หล-ด-panic,moderate,panic,ไหล่หลุด,ไหล่เหมือนหลุดค่ะ แขนยกไม่ได้เลย ปวดมาก ไหล่ดูเบี้ยวๆ ต้องดึงเข้าที่เองไหม หรือทำอะไรก่อน!
046-ไหล-หล-ด-calm,moderate,calm,ไหล่หลุด,สงสัยไหล่หลุดหลังหกล้ม ไหล่เบี้ยวและขยับแขนไม่ได้ ปวดมาก ควรประคบเย็นอย่างไรระหว่างรอไปโรงพยาบาล และควรหลีกเลี่ยงการขยับข้อไหล่ใช่ไหม?
046-ไหล-หล-ด-misspelled,moderate,misspelled,ไหล่หลุด,เหมือนไหล่หลุดคะ ไหล่เบี้ยวๆ ยกแขนไม่ได้ ปวดสุดๆ ต้องดึงกลับเองมั้ย หรือประคบน้ำแข็งกี่นาทีดี
047-กาวเข-าตา-ปาก-panic,moderate,panic,กาวเข้าตา/ปาก,ช่วยด้วยค่ะ กาวตราช้างเข้าตา แสบมากลืมตาไม่ออก เหมือนตาติดกัน หนูควรแกะออกไหมหรือทำอะไรตอนนี้!
047-กาวเข-าตา-ปาก-calm,moderate,calm,กาวเข้าตา/ปาก,มีกาวเข้าตา ทำให้แสบและลืมตาลำบาก ควรล้างด้วยน้ำสะอาด/น้ำเกลือไหลผ่านอย่างน้อย 15 นาที ห้ามขยี้หรือแกะกาว แล้วปิดตาเบาๆ ก่อนพบแพทย์ใช่ไหม?
047-กาวเข-าตา-ปาก-misspelled,moderate,misspelled,กาวเข้าตา/ปาก,กาวตราช้างเข้าตาอะคะ แสบมาก ลืมตาไม่ขึ้นเหมือนตาติดกัน ต้องพยายามแกะออกมั้ย หรือรีบล้างน้ำกี่นาทีดี
048-หอยเม-นตำ-panic,moderate,panic,หอยเม่นตำ,โดนหอยเม่นตำเท้าค่ะ หนามดำๆ ติดอยู่หลายอัน เจ็บแสบมาก บางอันเหมือนทิ่มลึก จะทำยังไงเดี๋ยวนี้!
048-หอยเม-นตำ-calm,moderate,calm,หอยเม่นตำ,ถูกหอยเม่นตำที่เท้า เห็นปลายหนามบางส่วนแต่มีจุดที่น่าจะลึก เจ็บแสบ ควรคีบเฉพาะที่เห็นปลายหนาม ทำความสะอาดด้วยน้ำส้มสายชู/น้ำมะนาว และแช่น้ำอุ่น 10–15 นาทีอย่างไร ก่อนไปโรงพยาบาล?
048-หอยเม-นตำ-misspelled,moderate,misspelled,หอยเม่นตำ,โดนหอยเม่นตำเท้าอะคะ มีหนามดำๆ ติดอยู่ เจบแสบมาก บางอันเหมือนลึก ควรคีบออกเลยมั้ย แล้วล้างด้วยน้ำส้มสายชูหรือน้ำมะนาวดี?
049-ของแข-งต-ดในห-panic,moderate,panic,ของแข็งติดในหู,ช่วยด้วยค่ะ ลูกเอาลูกปัดยัดเข้าหู เห็นมันอยู่แต่กลัวลึกกว่าเดิม เด็กบ่นเจ็บมาก ทำไงดีคะ?
049-ของแข-งต-ดในห-calm,moderate,calm,ของแข็งติดในหู,ลูกเอาลูกปัดยัดเข้าหูข้างขวา มองเห็นวัตถุชัดแต่ยังไม่กล้าแคะออก เด็กบ่นเจ็บและรำคาญ ขอคำแนะนำวิธีช่วยเบื้องต้นค่ะ
049-ของแข-งต-ดในห-misspelled,moderate,misspelled,ของแข็งติดในหู,ลูกเอาลูกปัดยัดเข้าหูอะค่ะ เหนมันอยุ่แต่กลัวดันลึกกว่าเดิม เด็กบอกเจบๆ ต้องทำไงดีคะ
050-ฟ-นหล-ด-ฟ-นห-ก-panic,moderate,panic,ฟันหลุด / ฟันหัก,ลูกล้ม ฟันหน้ากระเด็นหลุดออกมา เลือดเต็มปากเลยค่ะ! หนูจับฟันไว้แล้วแต่ไม่รู้ต้องทำยังไง รีบแค่ไหนคะ?
050-ฟ-นหล-ด-ฟ-นห-ก-calm,moderate,calm,ฟันหลุด / ฟันหัก,เด็กหกล้มทำให้ฟันหน้าหลุดออกมาทั้งซี่ มีเลือดออกในปากเล็กน้อย ตอนนี้เก็บฟันไว้แล้ว อยากทราบวิธีจับ/ล้าง/เก็บฟันและควรไปพบทันตแพทย์ภายในกี่นาทีค่ะ
050-ฟ-นหล-ด-ฟ-นห-ก-misspelled,moderate,misspelled,ฟันหลุด / ฟันหัก,ลูกหกล้มฟันหน้าหลุดออกมาเปนซี่ๆ เลือดกลบปากนิดนึง ตอนนี้เกบฟันไว้แร้ว ต้องจับตรงไหน ล้างได้มั้ย แล้วควรไปหาหมอฟันด่วนแค่ไหนคะ
051-ตะขาบก-ด-panic,moderate,panic,ตะขาบกัด,โดนตะขาบกัดที่ข้อเท้า ปวดตุบๆ แสบมาก บวมแดงขึ้นเร็วเลยค่ะ! ต้องทำอะไรตอนนี้ก่อนดีคะ?
051-ตะขาบก-ด-calm,moderate,calm,ตะขาบกัด,ถูกตะขาบกัดบริเวณข้อเท้า มีอาการปวดแสบและบวมแดง อยากทราบการทำความสะอาด การประคบ และสัญญาณที่ควรไปพบแพทย์ค่ะ
051-ตะขาบก-ด-misspelled,moderate,misspelled,ตะขาบกัด,โดนตะขาบกัดตรงข้อเท้า ปวดตุบๆแสบๆ บวมแดงขึ้นเรวมาก ต้องล้างยังไง ประคบเยนได้มั้ยคะ
052-บาดเจ-บอว-ยวะเพศ-panic,moderate,panic,บาดเจ็บอวัยวะเพศ,แฟนโดนเตะกระแทกหว่างขา ปวดจุกมาก แล้วเหมือนมีเลือดซึมตรงอวัยวะเพศค่ะ! กลัวจะหนัก ต้องทำไงเดี๋ยวนี้?
052-บาดเจ-บอว-ยวะเพศ-calm,moderate,calm,บาดเจ็บอวัยวะเพศ,ผู้ป่วยถูกกระแทกบริเวณอวัยวะเพศ/ถุงอัณฑะ มีปวดมากและมีเลือดซึมภายนอกเล็กน้อย ขอคำแนะนำการประคบเย็น การกดแผล และอาการแบบไหนที่ต้องไปโรงพยาบาลทันทีค่ะ
052-บาดเจ-บอว-ยวะเพศ-misspelled,moderate,misspelled,บาดเจ็บอวัยวะเพศ,แฟนโดนเตะผ่าหมาก ปวดจุกมากๆ มีเลือดซึมตรงจู๋นิดนึง ควรประคบเยนยังไง แล้วถ้าฉี่มีเลือดปนต้องทำไงคะ
053-แมงกะพร-นท-วไป-panic,moderate,panic,แมงกะพรุนทั่วไป,โดนแมงกะพรุนที่ทะเลค่ะ แสบคันเป็นผื่นแดงยาวๆ เลย! จะล้างด้วยน้ำเปล่าได้ไหม หรือทำยังไงด่วนๆ?
053-แมงกะพร-นท-วไป-calm,moderate,calm,แมงกะพรุนทั่วไป,เพิ่งสัมผัสแมงกะพรุนที่ทะเล มีอาการแสบคันและผื่นแดงบริเวณแขน ตอนนี้ขึ้นจากน้ำแล้ว อยากทราบวิธีล้าง/ราดบริเวณแผลที่ถูกต้องและต้องเฝ้าดูอาการอะไรต่อค่ะ
053-แมงกะพร-นท-วไป-misspelled,moderate,misspelled,แมงกะพรุนทั่วไป,โดนแมงกะพรุนที่ทะเล แสบๆคันๆ เป็นผื่นแดงยาวเลย ตอนนี้ขึ้นจากน้ำแร้ว ล้างน้ำเปล่าได้ปะ หรือควรใช้อะไรคะ
054-ไข-ส-ง-เด-ก-panic,moderate,panic,ไข้สูง (เด็ก),ลูกตัวร้อนจี๋มากค่ะ เหมือนจะซึมๆ หนูกลัวชักเพราะไข้ ทำยังไงให้ลดไข้ตอนนี้ก่อนคะ!
054-ไข-ส-ง-เด-ก-calm,moderate,calm,ไข้สูง (เด็ก),เด็กมีไข้สูง ตัวร้อนมากและเริ่มซึมเล็กน้อย อยากได้ขั้นตอนการเช็ดตัวด้วยน้ำอุ่นอย่างถูกวิธีและควรจัดท่าหรือดูแลสภาพแวดล้อมอย่างไรค่ะ
054-ไข-ส-ง-เด-ก-misspelled,moderate,misspelled,ไข้สูง (เด็ก),ลูกตัวร้อนจัดๆเลยค่ะ เหมือนซึมๆ กลัวชักเพราะไข้ ขอวิธีเชดตัวน้ำอุ่นทีละขั้นตอนหน่อยคะ ต้องถอดเสื้อผ้าไหม
055-แพน-ค-ต-นตระหนก-panic,moderate,panic,แพนิค / ตื่นตระหนก,ช่วยด้วยค่ะ อยู่ดีๆเหมือนหายใจไม่ออก ใจสั่น มือจีบ กลัวจะตาย คุมตัวเองไม่ได้เลย ทำไงดี!
055-แพน-ค-ต-นตระหนก-calm,moderate,calm,แพนิค / ตื่นตระหนก,ตอนนี้มีอาการใจสั่น หายใจเร็วเหมือนหายใจไม่ออก มือเกร็งเป็นจีบ และรู้สึกกลัวมากเหมือนควบคุมตัวเองไม่ได้ ขอคำแนะนำให้สงบลงหน่อยค่ะ/ครับ
055-แพน-ค-ต-นตระหนก-misspelled,moderate,misspelled,แพนิค / ตื่นตระหนก,อยุ่ๆก็หายใจม่ออก ใจสั่น มือจีบๆ กลัวตายมาก คุมตัวเองม่ได้เลย ช่วยบอกทีต้องทำไง
056-อาหารต-ดคอ-อย-คนเด-ยว-panic,moderate,panic,อาหารติดคอ (อยุ่คนเดียว),ผมกินแล้วติดคอ อยู่คนเดียว หายใจไม่ออก ไอไม่ออก มือจับคอ หน้าเริ่มเขียว จะทำยังไงเดี๋ยวนี้!
056-อาหารต-ดคอ-อย-คนเด-ยว-calm,moderate,calm,อาหารติดคอ (อยุ่คนเดียว),ตอนนี้สำลักอาหารติดคอ อยู่คนเดียว พูดไม่ออกและไอไม่ออก รู้สึกหายใจลำบากมาก ขอวิธีช่วยตัวเองทันทีครับ/ค่ะ
056-อาหารต-ดคอ-อย-คนเด-ยว-misspelled,moderate,misspelled,อาหารติดคอ (อยุ่คนเดียว),กินแล้วติดคออะ อยุ่คนเดียว หายใจม่ออก ไอก็ม่ออก มือจับคอตลอด เหมือนจะเขียว ช่วยบอกวิธีหน่อย
057-ส-ดดมสารเคม-panic,moderate,panic,สูดดมสารเคมี,ช่วยด้วยค่ะ เผลอสูดกลิ่นสารเคมีแรงๆจากห้องน้ำมาเต็มๆ แสบคอ เวียนหัว หายใจไม่ค่อยออก ทำไงดี!
057-ส-ดดมสารเคม-calm,moderate,calm,สูดดมสารเคมี,เมื่อกี้เผลอสูดดมไอสารเคมีทำความสะอาดในที่อับอากาศ ตอนนี้แสบคอ ไอ และรู้สึกหายใจไม่สะดวก ขอคำแนะนำว่าควรทำอะไรเป็นอันดับแรกครับ/ค่ะ
057-ส-ดดมสารเคม-misspelled,moderate,misspelled,สูดดมสารเคมี,พึ่งสูดดมไอเคมีทำความสะอาดมา กลิ่นแรงมาก แสบคอ ไอ เวียนหัว หายใจม่ค่อยออก ควรทำไงก่อน
058-ข-อเท-าแพลง-panic,moderate,panic,ข้อเท้าแพลง,โอ๊ย ขาพลิก! ข้อเท้าบวมเร็วมาก เดินกะเผลก เจ็บจี๊ด จะทำไงให้บวมลดเดี๋ยวนี้!
058-ข-อเท-าแพลง-calm,moderate,calm,ข้อเท้าแพลง,เมื่อกี้เดินพลาดทำให้ข้อเท้าแพลง ตอนนี้บวมและลงน้ำหนักแล้วปวด เดินกะเผลก ขอคำแนะนำการดูแลเบื้องต้นครับ/ค่ะ
058-ข-อเท-าแพลง-misspelled,moderate,misspelled,ข้อเท้าแพลง,เมื่อกี้ขาพลิก ข้อเท้าบวมๆ เดินกะเผลก เจ็บมาก ควรประคบเย็นยังไงดี ห้ามทำไรบ้าง
059-ฟกช-ำร-นแรง-panic,moderate,panic,ฟกช้ำรุนแรง,โดนกระแทกแรงมาก ตอนนี้เขียวช้ำบวมปูดเหมือนห่อเลือด เจ็บมาก กลัวจะหนักขึ้น ต้องทำอะไรทันที!
059-ฟกช-ำร-นแรง-calm,moderate,calm,ฟกช้ำรุนแรง,มีรอยฟกช้ำจากการกระแทกแรง บริเวณนั้นบวมปูดและเจ็บมาก อยากทราบวิธีดูแลช่วงแรกเพื่อให้บวมลดและไม่แย่ลงครับ/ค่ะ
059-ฟกช-ำร-นแรง-misspelled,moderate,misspelled,ฟกช้ำรุนแรง,โดนชนแรงๆจนเขียวช้ำ บวมปูดเหมือนห้อเลือด เจ็บมาก ควรประคบไร ตอนนี้ห้ามนวดใช่มั้ย
060-อาหารเป-นพ-ษ-panic,moderate,panic,อาหารเป็นพิษ,น่าจะอาหารเป็นพิษ! อ้วกไม่หยุด ท้องเสียถี่ ปวดบิดมาก กลัวขาดน้ำ ทำไงดีตอนนี้!
060-อาหารเป-นพ-ษ-calm,moderate,calm,อาหารเป็นพิษ,หลังทานอาหารแล้วมีอาเจียนและท้องเสียร่วมกับปวดบิด รู้สึกอ่อนเพลีย กลัวขาดน้ำ ขอคำแนะนำการดูแลตัวเองและการดื่มเกลือแร่ครับ/ค่ะ
060-อาหารเป-นพ-ษ-misspelled,moderate,misspelled,อาหารเป็นพิษ,น่าจะอาหานเปนพิษ กินไปแล้วอ้วก+ท้องเสีย ปวดบิดๆ เพลียมาก ควรกินเกลือแร่ยังไง แล้วต้องระวังอะไรบ้าง
061-สารเคม-เข-าปาก-panic,moderate,panic,สารเคมีเข้าปาก,ช่วยด้วยค่ะ! เผลอกลืน/อมสารทำความสะอาดเข้าไปนิดนึง แสบปากแสบคอมาก ตอนนี้ทำยังไงดี ต้องทำให้อาเจียนไหม?
061-สารเคม-เข-าปาก-calm,moderate,calm,สารเคมีเข้าปาก,เมื่อกี้เผลอกลืนสารทำความสะอาดเข้าปาก รู้สึกแสบปากและคอเล็กน้อย อยากทราบว่าควรบ้วนปาก/ดื่มน้ำได้ไหม และต้องไปพบแพทย์ทันทีหรือเปล่าค่ะ
061-สารเคม-เข-าปาก-misspelled,moderate,misspelled,สารเคมีเข้าปาก,เมื่อกี้เผลออม/กลืนยาทำความสะอาดเข้าปากนิดนึง แสบคอแสบปากมาก ต้องทำไห้ อ้วก ออกไหมคะ หรือควรทำไงดีก่อน
062-อาหารต-ดคอ-ผ-ใหญ-panic,moderate,panic,อาหารติดคอ (ผู้ใหญ่),เขากินแล้วเหมือนอาหารติดคอค่ะ พูดไม่ออก ไอไม่ออก มือจับคอ หน้าเริ่มคล้ำ ทำไงเดี๋ยวนี้!
062-อาหารต-ดคอ-ผ-ใหญ-calm,moderate,calm,อาหารติดคอ (ผู้ใหญ่),มีผู้ใหญ่สำลักอาหารและเหมือนติดคอ พูดไม่ได้และไอไม่ออก แต่ยังรู้สึกตัวอยู่ ขอคำแนะนำวิธีช่วยเหลือที่ถูกต้องและเมื่อไหร่ควรโทร 1669 ค่ะ
062-อาหารต-ดคอ-ผ-ใหญ-misspelled,moderate,misspelled,อาหารติดคอ (ผู้ใหญ่),ผู้ใหญ่กินข้าวแล้วติดคออะค่ะ พูดม่ายได้ ไอก้อไม่ออก จับคอตลอด หน้าเริ่มเขียวๆ ต้องทำไงด่วนๆ
063-แมลงเข-าห-panic,moderate,panic,แมลงเข้าหู,มีแมลงบินเข้าหูค่ะ! รู้สึกมันดิ้นกอกแกก ปวดมาก จะเอาออกยังไงดี ห้ามแคะใช่ไหม?
063-แมลงเข-าห-calm,moderate,calm,แมลงเข้าหู,สงสัยมีแมลงเข้าหู รู้สึกเหมือนมีอะไรขยับและปวดในหู อยากทราบวิธีทำให้มันออกมาอย่างปลอดภัย และอะไรที่ไม่ควรหยอด/ไม่ควรทำค่ะ
063-แมลงเข-าห-misspelled,moderate,misspelled,แมลงเข้าหู,น่าจะมีแมลงบินเข้าหู รุ้สึกดิ้นๆในหู ปวดๆ จะทำไงให้มันออกเองได้มั้ยคะ แหย่คัตตอนบัดได้ปะ
064-ก-ดล-น-panic,moderate,panic,กัดลิ้น,เลือดเต็มปากเลยค่ะ! เหมือนกัดลิ้นเป็นแผล พูดลำบาก เลือดไม่หยุด ทำไงก่อนดี!
064-ก-ดล-น-calm,moderate,calm,กัดลิ้น,มีแผลกัดลิ้น เลือดออกต่อเนื่องและเจ็บมาก ตอนนี้ควรกดแผล/ประคบเย็นอย่างไร และกรณีไหนต้องไปเย็บแผลคะ
064-ก-ดล-น-misspelled,moderate,misspelled,กัดลิ้น,กัดลิ้นตอนกินข้าว เลือดออกเยอะมาก พูดไม่ค่อยได้ กดไว้แปปๆแล้วเหมือนยังไหล ทำไงต่อดีคะ
065-ฝ-น-ผงเข-าตา-panic,moderate,panic,ฝุ่น/ผงเข้าตา,ฝุ่นเข้าตาค่ะ แสบมาก ตาแดง น้ำตาไหล ลืมตาแทบไม่ได้ จะขยี้ก็ทรมาน ทำยังไงดี!
065-ฝ-น-ผงเข-าตา-calm,moderate,calm,ฝุ่น/ผงเข้าตา,มีฝุ่น/ผงเข้าตา รู้สึกเคือง ตาแดง และน้ำตาไหล อยากทราบวิธีล้างตาที่ถูกต้องและสัญญาณที่ควรไปพบแพทย์ค่ะ
065-ฝ-น-ผงเข-าตา-misspelled,moderate,misspelled,ฝุ่น/ผงเข้าตา,ฝุ่นเข้าตา แสบๆเคืองๆ ตาแดงน้ำตาไหล ลืมตาไม่ค่อยขึ้น ควรล้างด้วยน้ำป่าวหรือน้ำเกลือดีคะ
066-น-วบด-ประต-หน-บ-panic,moderate,panic,นิ้วบด / ประตูหนีบ,นิ้วโดนประตูหนีบค่ะ เจ็บจี๊ดๆ บวมเร็วมาก เล็บเริ่มม่วง แหวนติดอยู่ด้วย ต้องทำไงก่อน!
066-น-วบด-ประต-หน-บ-calm,moderate,calm,นิ้วบด / ประตูหนีบ,นิ้วถูกประตูหนีบ มีอาการปวด บวม และช้ำใต้เล็บ ตอนนี้ควรถอดแหวน/ประคบเย็นอย่างไร และต้องดามนิ้วหรือไปตรวจเมื่อไหร่คะ
066-น-วบด-ประต-หน-บ-misspelled,moderate,misspelled,นิ้วบด / ประตูหนีบ,นิ้วโดนประตูหนีบ เจ็บมากกก บวมไว เล็บม่วงๆ แหวนเริ่มถอดยาก ควรทำไงก่อนคะ ประคบเย็นได้เลยมั้ย
067-น-ำตาลในเล-อดต-ำ-panic,moderate,panic,น้ำตาลในเลือดต่ำ,ช่วยด้วยค่ะ ที่คลินิกคนไข้เบาหวานเหงื่อแตก ใจสั่น หิวมากเหมือนจะวูบ หน้ามืดจนยืนไม่ไหว ควรให้กินอะไรหวานๆ ก่อนดีไหมคะ?
067-น-ำตาลในเล-อดต-ำ-calm,moderate,calm,น้ำตาลในเลือดต่ำ,อยู่ที่คลินิก มีผู้ป่วยเป็นเบาหวานมีอาการเหงื่อออก ใจสั่น หิว และหน้ามืดคล้ายจะเป็นลม สงสัยน้ำตาลต่ำ ขอคำแนะนำว่าควรให้คาร์โบไฮเดรตแบบไหนและติดตามอาการอย่างไร
067-น-ำตาลในเล-อดต-ำ-misspelled,moderate,misspelled,น้ำตาลในเลือดต่ำ,อยุ่คลินิกค่ะ คนไข้เบาหวานเหงื่อออก ใจสั่น หิวจัดๆ หน้ามืดจะวูบ ควรให้กินหวานๆ อะไรดี แล้วต้องเช็คน้ำตาลยังไงบ้างคะ
068-ปวดประจำเด-อนร-นแรง-panic,moderate,panic,ปวดประจำเดือนรุนแรง,หนูปวดท้องเมนส์บิดมาก หน้าซีดจะเป็นลม ทนไม่ไหวเลยค่ะ ทำไงดีตอนนี้!
068-ปวดประจำเด-อนร-นแรง-calm,moderate,calm,ปวดประจำเดือนรุนแรง,มีอาการปวดท้องประจำเดือนรุนแรงแบบปวดบิด หน้าซีดและรู้สึกจะเป็นลม ต้องการคำแนะนำการบรรเทาอาการเบื้องต้นและสัญญาณที่ควรไปพบแพทย์ทันที
068-ปวดประจำเด-อนร-นแรง-misspelled,moderate,misspelled,ปวดประจำเดือนรุนแรง,ปวดท้องเมนส์แรงมาก ปวดบิดๆ หน้าซีดจะเปนลม ทนม่ายไหว ควรทำไงก่อนคะ
069-หน-ก-ด-panic,moderate,panic,หนูกัด,โดนหนูกัดค่ะ แผลสกปรกมากมีเลือดออก กลัวติดเชื้อโรคแรงๆ ต้องทำอะไรทันที!
069-หน-ก-ด-calm,moderate,calm,หนูกัด,มีผู้ป่วยถูกหนูกัด มีแผลสกปรกและมีเลือดซึม ต้องการคำแนะนำการล้างแผล/ทำความสะอาดเบื้องต้น การห้ามเลือด และควรไปฉีดวัคซีนอะไรบ้าง
069-หน-ก-ด-misspelled,moderate,misspelled,หนูกัด,โดนหนูกัดมา แผลสกปก มีเลือดออกนิดหน่อย ต้องล้างแผลยังไง แล้วต้องไปฉีดยาอะไรมั้ยคะ
070-ถ-กทำร-ายร-างกาย-ไม-ม-แผลเป-ด-panic,moderate,panic,ถูกทำร้ายร่างกาย (ไม่มีแผลเปิด),เพื่อนโดนรุมเตะต่อยค่ะ ไม่มีแผลเปิดแต่ปวดทั้งตัว ช้ำเยอะ กลัวช้ำใน โดยเฉพาะโดนที่หัวด้วย ทำไงดี!
070-ถ-กทำร-ายร-างกาย-ไม-ม-แผลเป-ด-calm,moderate,calm,ถูกทำร้ายร่างกาย (ไม่มีแผลเปิด),มีผู้ถูกทำร้ายร่างกายแบบแรงกระแทก ไม่มีแผลเปิด แต่มีบวมช้ำและปวดมาก รวมถึงถูกกระแทกศีรษะ ต้องการคำแนะนำการดูแลเบื้องต้นและอาการอันตรายที่ต้องรีบไปโรงพยาบาล
070-ถ-กทำร-ายร-างกาย-ไม-ม-แผลเป-ด-misspelled,moderate,misspelled,ถูกทำร้ายร่างกาย (ไม่มีแผลเปิด),เพื่อนโดนซ้อมมา ไม่มีแผลเปิดแต่ช้ำๆ ปวดตัวมาก โดนหัวด้วย ควรประคบอะไร แล้วต้องสังเกตอาการไหนบ้างคะ
071-โดนสเปรย-พร-กไทย-panic,moderate,panic,โดนสเปรย์พริกไทย,โดนฉีดสเปรย์พริกไทยใส่หน้า แสบตาจนลืมตาไม่ได้ หายใจติดๆ เหมือนจะไม่ออก ช่วยบอกวิธีล้างเดี๋ยวนี้ค่ะ!
071-โดนสเปรย-พร-กไทย-calm,moderate,calm,โดนสเปรย์พริกไทย,มีผู้ได้รับสเปรย์พริกไทยเข้าตาและใบหน้า แสบตามากจนลืมตาลำบากและระคายทางเดินหายใจ ต้องการคำแนะนำขั้นตอนการล้างตา/ล้างปาก การถอดเสื้อผ้าที่ปนเปื้อน และข้อควรหลีกเลี่ยงเพื่อไม่ให้สารกระจาย
071-โดนสเปรย-พร-กไทย-misspelled,moderate,misspelled,โดนสเปรย์พริกไทย,โดนสเปรย์พริกไทยฉีดใส่ แสบตาสุดๆ ลืมตาไม่ขึ้น หายใจขัดนิดหน่อย ต้องล้างตายังไง ใช้น้ำอะไรได้บ้างคะ
072-มดค-นไฟก-ด-panic,moderate,panic,มดคันไฟกัด,โดนมดคันไฟกัดหลายจุด บวมแดงคันมากจะบ้าแล้ว มีตุ่มขึ้นด้วย กลัวแพ้ค่ะต้องทำไง!
072-มดค-นไฟก-ด-calm,moderate,calm,มดคันไฟกัด,มีอาการหลังถูกมดคันไฟกัด บวมแดง คันมากและเริ่มมีตุ่มขึ้น ต้องการคำแนะนำการประคบ/ยาบรรเทาอาการ และอาการแพ้แบบไหนที่ควรไปพบแพทย์ทันที
072-มดค-นไฟก-ด-misspelled,moderate,misspelled,มดคันไฟกัด,โดนมดคันไฟกัด บวมแดง คันมากกก มีตุ่มเหมือนจะเป็นหนอง ต้องประคบเย็นไหม แล้วถ้ามีอาการแพ้ดูยังไงคะ
073-เพล-ยแดด-panic,none,panic,เพลียแดด,ช่วยด้วยค่ะ แม่ตากแดดนานอยู่ข้างนอกแล้วหน้ามืด เหงื่อออกเยอะ ตัวเย็นซีดเหมือนจะเป็นลม ตอนนี้ยังพอพูดได้แต่โซเซมาก ต้องทำไงก่อนคะ
073-เพล-ยแดด-calm,none,calm,เพลียแดด,คนในบ้านตากแดดนานแล้วมีอาการหน้ามืด เหงื่อออกมาก ตัวเย็นและเริ่มจะเป็นลม ตอนนี้ยังรู้สึกตัวอยู่ ขอคำแนะนำวิธีดูแลเบื้องต้นให้ปลอดภัยค่ะ
073-เพล-ยแดด-misspelled,none,misspelled,เพลียแดด,แม่ตากแดดนานมากๆแล้วหน้ามืด เหงื่อออกเยอะ ตัวเย็นๆเหมือนจะเปนลม ยังพอคุยได้แต่โซเซ ต้องทำงัยก่อนคะ
074-ตะคร-ว-panic,none,panic,ตะคริว,โอ๊ยยย เป็นตะคริวที่น่องค่ะ เกร็งจนขยับไม่ได้ ปวดจี๊ดมากเหมือนขาล็อก ทำยังไงให้คลายเร็วๆคะ
074-ตะคร-ว-calm,none,calm,ตะคริว,ตอนนี้มีตะคริวที่น่อง กล้ามเนื้อเกร็งและปวดจนขยับลำบาก อยากทราบวิธีช่วยยืด/คลายตะคริวอย่างถูกต้องค่ะ
074-ตะคร-ว-misspelled,none,misspelled,ตะคริว,เป็นตะคริวที่น่องอะค่ะ เกร็งมาก ปวดจนขยับม่ายได้ เหมือนขาล้อค ช่วยบอกวิธีคลายหน่อยคะ
075-เล-อดกำเดาไหล-panic,none,panic,เลือดกำเดาไหล,เลือดกำเดาไหลไม่หยุดเลยค่ะ ไหลออกจมูกเยอะมาก เมื่อกี้เผลอเงยหน้าแล้วเหมือนเลือดไหลลงคอด้วย ต้องทำยังไงด่วนๆคะ
075-เล-อดกำเดาไหล-calm,none,calm,เลือดกำเดาไหล,มีเลือดออกจมูกอยู่ตอนนี้ เลือดไหลต่อเนื่องและกังวลว่าจะไหลลงคอ ขอคำแนะนำท่าทางที่ควรทำและวิธีห้ามเลือดเบื้องต้นค่ะ
075-เล-อดกำเดาไหล-misspelled,none,misspelled,เลือดกำเดาไหล,เลือดกำเดาไหลไม่หยุดเลยคะ ไหลออกจมูกเยอะ เมื่อกี้เผลอเงยหน้าแล้วเหมือนเลือดไหลลงคอ ต้องทำไงด่วนๆคะ
