Case Name (EN),Case Name (TH),Keywords,Instructions,facility_type,severity
Cardiac Arrest,หัวใจหยุดเต้นเฉียบพลัน,"หยุดหายใจ, หัวใจวาย, นิ่งไป, ไม่ตื่น, ปั๊มหัวใจ, CPR, cardiac arrest, ไม่หายใจ, หน้าเขียว, ใจสั่น, นอนราบไม่ได้, หน้ามืด","1. พยายามเรียก หรือเขย่าตัวว่า ผู้ป่วยยังมีสติอยู่หรือไม่
2. หากผู้ป่วยยังมีสติอยู่ควรให้อยู่นิ่งๆ งดการเคลื่อนไหว งดการใช้แรงจนกว่ารถพยาบาลจะมารับ
3. ติดต่อขอความช่วยเหลือจากผู้ที่อยู่ในบริเวณนั้น หรือโทรติดต่อ 1669 หรือโรงพยาบาล หรือทีมกู้ภัยใกล้เคียงทันที
4. หากผู้ป่วยไม่สามารถหายใจได้เอง ให้ปฐมพยาบาลด้วยการเป่าลมเข้าปอดด้วยวิธีเป่าแบบปากต่อปากพร้อมกับดันหน้าผากและดึงคาง หรือการเป่าแบบปากต่อปากขณะยกขากรรไกรล่าง แต่ละแบบให้เป่าครั้งละ 2 วินาที แล้วถอนปากออกมาให้ลมหายใจออกผ่านกลับออกมาทางปาก โดยขณะช่วยหายใจทางปากให้ใช้มือบีบจมูก ไม่อย่างนั้นแล้วลมจะไม่เข้าปอด
5. กดหน้าอก เริ่มด้วยการหาตำแหน่งครึ่งล่างของกระดูกหน้าอก วางนิ้วมือทั้งสองถัดจากจุดนั้นขึ้นไป แล้ววางมือทาบอกบนอีกมือหนึ่ง โดยอาจประสานนิ้ว หรือไม่ก็ได้ จากนั้นกดหน้าอกแล้วปล่อย ทำติดต่อกัน 30 ครั้ง เวลากดอย่างอแขน โน้มตัวไปข้างหน้าให้ช่วงไหล่อยู่เหนือร่างผู้หมดสติเพื่อให้ทิศของแรงกดดิ่งลงสู่หน้าอก
6. เป่าลมเข้าปอด 2 ครั้ง สลับกับกดหน้าอก 30 ครั้ง อย่างน้อย 4 รอบ ถ้ายังไม่ได้สติก็ทำซ้ำอีก 4 รอบ จนกว่าผู้ป่วยจะรู้ตัว หรือจนกว่าความช่วยเหลือจะมาถึง
7. หากมีเครื่องกระตุกหัวใจไฟฟ้าชนิดอัตโนมัติ (Automated External Defibrillators: AED) สามารถนำมาใช้ช่วยชีวิตผู้ป่วยได้",Hospital,critical
Unconscious (Breathing),หมดสติ (หายใจอยู่),"สลบ, เป็นลม, ปลุกไม่ตื่น, หมดสติ, นอนนิ่ง, หลับลึก, unconscious, วูบ","1. จับผู้ป่วยนอนศีรษะต่ำ ปลดเสื้อผ้าและเข็มขัดให้หลวม
2. ห้ามคนมุงดู เพื่อให้อากาศถ่ายเทสะดวก
3. ใช้ผ้าเย็นๆ เช็ดตามหน้า คอและแขนขา
4. ขณะที่ยังไม่ฟื้นห้ามให้น้ำและอาหารทางปาก
5. เมื่อเริ่มรู้สึกตัว อย่าให้ผู้ป่วยลุกขึ้นนั่งทันที ควรให้พักต่ออีกสัก 15-20 นาที
6. เมื่อผู้ป่วยฟื้นคืนสติดีแล้วและเริ่มกลืนได้ อาจให้ผู้ป่วยดื่มน้ำหรือให้ดื่มน้ำหวาน",Clinic,mild
Drowning (Unconscious),จมน้ำ (หมดสติ),"จมน้ำ, ไม่หายใจ, ตัวเขียว, ช่วยคนจมน้ำ, CPR, สำลักน้ำ","โดยเบื้องต้น คือ ยื่นอุปกรณ์ให้จับ เช่น เสื้อผ้า เข็มขัด ท่อนไม้ ห่วงหรือไม้ตะขอ และโยนอุปกรณ์ที่ลอยน้ำให้เกาะ เช่น ถังพลาสติก ห่วงชูชีพ ยางในรถยนต์ จากนั้นผู้ช่วยเหลืออาจเอาเชือกผูกอุปกรณ์เหล่านั้นเพื่อลากคนตกน้ำเข้าฝั่ง ซึ่งวิธีการช่วยเหลือดังกล่าว ผู้ช่วยเหลือจะมีความปลอดภัยเกือบ 100% เพราะผู้ช่วยอยู่บนฝั่งหรือยืนได้ในน้ำตื้น
ส่วนวิธีการกระโดดลงน้ำไปช่วยนั้น เป็นวิธีการที่ต้องพึงระวังอย่างมาก และผู้ช่วยเหลือจะต้องมีประสบการณ์ เพราะมีผู้เสียชีวิตจำนวนมากจากการช่วยเหลือคนตกน้ำและจมน้ำด้วยวิธีนี้
ทั้งนี้วิธีการที่ถูกต้องคือ ต้องนำอุปกรณ์ช่วยติดตัวไปด้วย เช่น ห่วงยาง โฟม หรือใส่เสื้อชูชีพ และเมื่อว่ายน้ำเข้าไปจวนถึงตัวคนตกน้ำ ให้หยุดอยู่ห่างๆ แล้วยื่นหรือโยนอุปกรณ์ให้เขาเกาะ อย่าเข้าไปจนถึงตัวเพราะผู้ที่จมน้ำหรือตกน้ำอาจเข้ามากอด จนอาจจะทำให้จมน้ำไปด้วยกันได้  เนื่องจากผู้จมน้ำอยู่ในภาวะที่ตกใจ แต่หากผู้จมน้ำโผเข้ามาจะกอดเรา ให้ดำน้ำหนีก่อน หรืออาจใช้วิธีการพายเรือเข้าไปช่วยเหลือ โดยผู้ตกน้ำ ต้องลอยคอ หรือเกาะวัสดุสิ่งของลอยน้ำคอยอยู่
นอกจากนี้ อาจใช้วิธีการ ลากหรือพา โดยหากผู้จมน้ำเป็นคนที่ว่ายน้ำเป็น แต่แค่หมดแรงหรือเป็นตระคริว ไม่ตระหนกตกใจ ผู้ช่วยเหลือจะสามารถลากพาได้ง่าย อาจจะไม่ค่อยมีอันตราย ส่วนการลากพาคนจมน้ำที่ตื่นตกใจ จะต้องใช้ทักษะพิเศษ โดย ต้องใช้ท่า Cross chest คือการเอารักแร้เราหนีบบนบ่าเขา แขนพาดผ่านหน้าอกแบบสะพายแล่งไปจับซอกรักแร้อีกด้าน และว่ายน้ำด้วยท่าSide stroke ซึ่งเป็นท่าที่เหนื่อย หนักแรงและมีอันตรายมากๆ สำหรับคนจมน้ำที่สลบ ต้องใช้ท่าลาก/พาที่ประคองหน้าให้ปากและจมูกพ้นน้ำ เพื่อหายใจได้ตลอด
หากหยุดหายใจ คลำชีพจรไม่ได้ หรือหัวใจหยุดเต้น ให้กดหน้าอกทันที โดยกดที่บริเวณกลางหน้าอกประมาณ 1-1.5 นิ้ว 100 ครั้ง ต่อนาที กด 30 ครั้งต่อรอบ สลับกับการเป่าปาก ให้ครบ 5 รอบ
ส่วนการเป่าปากช่วยหายใจ ให้รับดำเนินการทันที อย่าเสียเวลาพยายามเอาน้ำออกจากปอดหรือผายปอดด้วยวิธีอื่น เพราะจะไม่ทันการณ์และไม่ได้ผล และถ้าเป็นไปได้ควรลงมือเป่าปากตั้งแต่ก่อนขึ้นฝั่ง เช่น พาขึ้นบนเรือ หรือพาเข้าที่ตื้นๆ ทั้งนี้เมื่อเริ่มเป่าปากสักพัก หากรู้สึกว่าลมเข้าปอดได้ไม่เต็มที่เนื่องจากมีน้ำอยู่เต็มท้อง ให้จับผู้ป่วยนอนคว่ำ ใช้มือ 2ข้างวางใต้ท้องผู้ป่วย ยกท้องผู้ป่วยขึ้น จะช่วยไล่น้ำออกจากท้องให้ไหลออกทางปากได้ แล้วจับผู้ป่วยพลิกหงายและทำการเป่าปากต่อไป
อย่างไรก็ตามหากผู้ป่วยยังหายใจได้เอง หรือช่วยเหลือจนหายใจได้แล้ว ควรจับผู้ป่วยนอนตะแคงข้าง ศีรษะหงายไปข้างหลังเพื่อให้น้ำไหลออกทางปาก ใช้ผ้าห่มคลุมผู้ป่วยเพื่อให้เกิดความอบอุ่น อย่าให้กินอาหารและดื่มน้ำทางปาก จากนั้นควรส่งผู้ป่วยที่จมน้ำไม่ว่าจะมีอาการหนักเบาเพียงใดไปพักรักษาตัวที่โรงพยาบาลทุกราย ในรายที่หมดสติและหยุดหายใจ ผายปอดด้วยวิธีเป่าปากไปตลอดทาง อย่ารู้สึกหมดหวังแล้วหยุดให้การช่วยเหลือ",Hospital,critical
Drowning (Conscious),จมน้ำ (รู้สึกตัว),"ตกน้ำ, สำลักน้ำ, ตะเกียกตะกาย, ช่วยด้วยตกน้ำ","โดยเบื้องต้น คือ ยื่นอุปกรณ์ให้จับ เช่น เสื้อผ้า เข็มขัด ท่อนไม้ ห่วงหรือไม้ตะขอ และโยนอุปกรณ์ที่ลอยน้ำให้เกาะ เช่น ถังพลาสติก ห่วงชูชีพ ยางในรถยนต์ จากนั้นผู้ช่วยเหลืออาจเอาเชือกผูกอุปกรณ์เหล่านั้นเพื่อลากคนตกน้ำเข้าฝั่ง ซึ่งวิธีการช่วยเหลือดังกล่าว ผู้ช่วยเหลือจะมีความปลอดภัยเกือบ 100% เพราะผู้ช่วยอยู่บนฝั่งหรือยืนได้ในน้ำตื้น
ส่วนวิธีการกระโดดลงน้ำไปช่วยนั้น เป็นวิธีการที่ต้องพึงระวังอย่างมาก และผู้ช่วยเหลือจะต้องมีประสบการณ์ เพราะมีผู้เสียชีวิตจำนวนมากจากการช่วยเหลือคนตกน้ำและจมน้ำด้วยวิธีนี้
ทั้งนี้วิธีการที่ถูกต้องคือ ต้องนำอุปกรณ์ช่วยติดตัวไปด้วย เช่น ห่วงยาง โฟม หรือใส่เสื้อชูชีพ และเมื่อว่ายน้ำเข้าไปจวนถึงตัวคนตกน้ำ ให้หยุดอยู่ห่างๆ แล้วยื่นหรือโยนอุปกรณ์ให้เขาเกาะ อย่าเข้าไปจนถึงตัวเพราะผู้ที่จมน้ำหรือตกน้ำอาจเข้ามากอด จนอาจจะทำให้จมน้ำไปด้วยกันได้  เนื่องจากผู้จมน้ำอยู่ในภาวะที่ตกใจ แต่หากผู้จมน้ำโผเข้ามาจะกอดเรา ให้ดำน้ำหนีก่อน หรืออาจใช้วิธีการพายเรือเข้าไปช่วยเหลือ โดยผู้ตกน้ำ ต้องลอยคอ หรือเกาะวัสดุสิ่งของลอยน้ำคอยอยู่
นอกจากนี้ อาจใช้วิธีการ ลากหรือพา โดยหากผู้จมน้ำเป็นคนที่ว่ายน้ำเป็น แต่แค่หมดแรงหรือเป็นตระคริว ไม่ตระหนกตกใจ ผู้ช่วยเหลือจะสามารถลากพาได้ง่าย อาจจะไม่ค่อยมีอันตราย ส่วนการลากพาคนจมน้ำที่ตื่นตกใจ จะต้องใช้ทักษะพิเศษ โดย ต้องใช้ท่า Cross chest คือการเอารักแร้เราหนีบบนบ่าเขา แขนพาดผ่านหน้าอกแบบสะพายแล่งไปจับซอกรักแร้อีกด้าน และว่ายน้ำด้วยท่าSide stroke ซึ่งเป็นท่าที่เหนื่อย หนักแรงและมีอันตรายมากๆ สำหรับคนจมน้ำที่สลบ ต้องใช้ท่าลาก/พาที่ประคองหน้าให้ปากและจมูกพ้นน้ำ เพื่อหายใจได้ตลอด
หากผู้ป่วยยังหายใจได้เอง หรือช่วยเหลือจนหายใจได้แล้ว ควรจับผู้ป่วยนอนตะแคงข้าง ศีรษะหงายไปข้างหลังเพื่อให้น้ำไหลออกทางปาก ใช้ผ้าห่มคลุมผู้ป่วยเพื่อให้เกิดความอบอุ่น อย่าให้กินอาหารและดื่มน้ำทางปาก จากนั้นควรส่งผู้ป่วยที่จมน้ำไม่ว่าจะมีอาการหนักเบาเพียงใดไปพักรักษาตัวที่โรงพยาบาลทุกราย ในรายที่หมดสติและหยุดหายใจ ผายปอดด้วยวิธีเป่าปากไปตลอดทาง อย่ารู้สึกหมดหวังแล้วหยุดให้การช่วยเหลือ",Hospital,critical
Choking (Adult),อาหารติดคอ (ผู้ใหญ่),"ติดคอ, หายใจไม่ออก, ไอไม่ออก, หน้าเขียว, มือจับคอ, สำลัก, choking, กินแล้วติด, CPR","1. เช็กอาการผู้ประสบเหตุอันดับแรก ถ้ายังไม่หมดสติ ให้ถามก่อนว่าอาหารติดคอไหม? หากทำได้เพียงพยักหน้าเนื่องจากพูดไม่ได้ พูดไม่ออก แสดงว่ามีอาการของติดคอชนิดรุนแรง จึงเริ่มให้การช่วยเหลือ
2. ยืนซ้อนหลังผู้ประสบเหตุ เริ่มจากเข้าไปด้านหลัง กรณีที่เป็นเด็กแนะนำให้คุกเข่าในการช่วยเหลือ แต่ถ้าเป็นผู้ใหญ่ควรเป็นท่ายืนตามปกติ
3. โอบรอบใต้รักแร้ของผู้ประสบเหตุ โดยกำมือข้างหนึ่งเป็นกำปั้นเหนือสะดือใต้ลิ้นปี่ แล้วใช้มืออีกข้างโอบกำปั้นไว้
4. รัดแล้วกระตุกหน้าท้องขึ้น และเข้าพร้อมกันแรง ๆ บริเวณใต้ลิ้นปี่ รอบละ 5 ครั้ง จนกว่าสิ่งแปลกปลอมออกมา ถ้าสิ่งแปลกปลอมหลุดออกมาแล้วหรือผู้ประสบเหตุสามารถออกเสียงได้ แสดงว่าช่วยเหลือสำเร็จ และสังเกตอาการอย่างใกล้ชิด ถ้ายังมองไม่เห็นสิ่งแปลกปลอมออกมา ห้ามใช้มือล้วงในปากเด็ดขาด
5. หากผู้ประสบเหตุเริ่มจะหมดสติ อาการไม่ดีขึ้น ต้องรีบโทรเรียนรถพยาบาลโดยเร็วที่สุด หรือโทรสายด่วน 1669 ก่อนเริ่มทำ CPR",Clinic,mild
Choking (Adult),อาหารติดคอ (อยุ่คนเดียว),"ติดคอ, หายใจไม่ออก, ไอไม่ออก, หน้าเขียว, มือจับคอ, สำลัก, choking, กินแล้วติดคอ, อยู่คนเดียว","1. ใช้มืออีกข้างกำมือข้างหนึ่งไว้ แล้ววางไว้เหนือสะดือ
2. ดันกำปั้นเข้าไปด้านในและขึ้นด้านบน ทำซ้ำจนกว่าวัตถุจะหลุดออกมา
3. นอกจากนี้ คุณยังสามารถก้มตัวลงบนพื้นผิวแข็ง เช่น พนักพิงเก้าอี้ ใช้พื้นผิวแข็งนั้นในการออกแรงดันซ้ำๆ ที่หน้าท้อง ทำซ้ำจนกว่าวัตถุนั้นจะหลุดออกมา",Clinic,mild
Choking (Infant),อาหารติดคอ (ทารก),"ลูกไม่ร้อง, หน้าเขียว, นมติดคอ, ของติดคอเด็ก, ทารกสำลัก, ดิ้นไม่ออก, CPR","1. หาที่นั่งหรือนั่งคุกเข่า จับเด็กวางนอนคว่ำไว้บนขา จับให้มั่นคงระวังเด็กหล่น จัดศีรษะต่ำกว่าลำตัว มือจับที่บริเวณขากรรไกรของเด็กและประคองคอเด็กไปด้วย ระมัดระวังจะต้องไม่เป็นการบีบคอเด็ก
2. ใช้มือข้างที่ถนัด ตบหลังเด็กด้วยส้นมือ บริเวณกึ่งกลางสะบักอย่างแรง 5 ครั้ง
3. กลับตัวเด็กให้นอนหงาย โดยจับให้มั่นคงบริเวณท้ายทอย ประคองคอเด็กให้ดี
4. ทำ CPR โดยใช้นิ้ว 2 นิ้ว ของมืออีกข้าง กดลงบนกึ่งกลางหน้าอกเด็ก โดยต่ำกว่าระดับหัวนมเด็กเล็กน้อย กดอย่างแรง 5 ครั้ง โดยทำสลับไปมาระหว่างการตบหลัง 5 ครั้ง และการกดกระแทกหน้าอก 5 ครั้ง จนเด็กร้องออกมาได้เอง หรือมีสิ่งแปลกปลอมหลุดออกมา ห้ามใช้นิ้วล้วงในปาก หรือคอถ้ายังมองไม่เห็นสิ่งแปลกปลอม หากเด็กหมดสติให้เริ่มทำ CPR",Clinic,mild
,อาหารติดคอ (ผู้ป่วยบนรถเข็น),,1. เข้าไปทางด้านหลัง  แล้วใช้มือข้างหนึ่งหาสะดือ  แล้วใช้มืออีกข้างหนึ่งกำหมัดแล้ววางเหนือสะดือ ใต้ลิ้นปี่โดยหันด้านนิ้วโป้งเข้าหาลำตัวผู้ป่วย บอกให้ผู้ป่วยแยกขาออกแล้วผู้ช่วยเหลือวางขาตรงกลางหว่างขาผู้ป่วย รัดกระตุกต่อเนื่อง 5   ครั้ง อัตราเร็ว 1 ครั้งต่อวินาที ให้ทำไปจนกว่าเศษอาหารจะออก หรือผู้ป่วยหมดสติ ถ้าไม่สามารถทำได้เนื่องจากลักษณะของรถเข็นสามารถใช้วิธีรัดกระตุกที่หน้าอกแทน หรือนำรถเข็นไปชิดผนังห้อง ล็อกล้อทั้งสองข้าง ใช้สองมือประสานกันแล้ววางส้นมือระหว่างสะดือกับลิ้นปี่ ดันหน้าท้องในแนวแรงเฉียงขึ้นด้านบน 5  ครั้งต่อเนื่อง ถ้าผู้ป่วยหมดสติ ให้นำลงมาจากรถเข็นแล้วทำการช่วยฟื้นคืนชีพ (CPR) ทันที,Clinic,mild
Shock,ภาวะช็อก,"ตัวเย็น, เหงื่อออก, หน้าซีด, ชีพจรเบา, จะเป็นลม, ช็อก, shock, เลือดออกเยอะจนช็อก","   1.  จับให้ผู้ป่วยนอนรําบ  ดูแลสาเหตุของการช็อกเช่น เสียเลือด ไฟไหม้ เป็นต้น ช่วยประคองให้ผู้ป่วยนอนลง ถ้าเป็นไปได้ควรให้นอนบนผ้าห่มหรือผ้านุ่ม ยกขาให้สูงกว่าระดับหัวใจ
   2.  โทรแจ้ง 1669  ว่าท่านสงสัยว่าผู้ป่วยมีอาการช็อก   3.  คลายเสื้อผ้าให้หลวม  เพื่อไม่ให้ขัดขวางการไหลเวียนของโลหิต ที่คอ หน้าอก เอว 4.  ให้ความอบอุ่นร่างกํายผู้ป่วย  ห่มด้วยผ้าห่มเพื่อให้ความอบอุ่น แนะนำให้ผู้ป่วยอยู่นิ่งๆเฝ้าสังเกตอาการของสัญญาณชีพ ได้แก่การหายใจ ชีพจรและระดับความรู้สึกตัวในขณะที่รอรถพยาบาลมาถึง
",Hospital,critical
Severe Bleeding,เลือดออกรุนแรง,"เลือดไหลไม่หยุด, เลือดพุ่ง, แผลใหญ่, โดนแทง, โดนฟัน, เลือดท่วม, ห้ามเลือด","1. ตั้งสติ ประเมินสถานการณ์ ความรุนแรงของบาดแผล ว่าเลือดออกมากในระดับไหน แผลอยู่บริเวณใด
2. กดแผลห้ามเลือด หากเป็นแผลขนาดเล็กให้ใช้มือกดนิ่ง ๆ บนแผลด้วยผ้าสะอาด ผ้าก๊อซ หรือกระดาษทิชชูจนกว่าเลือดจะหยุดไหล ใช้เวลาอย่างน้อยประมาณ 5 นาที หลอดเลือดจะหดตัวและห้ามเลือดไว้ได้ การใช้วิธีห้ามเลือดด้วยการกดแผลนี้เป็นขั้นตอนพื้นฐานที่สำคัญที่สุด จากนั้นจึงทำความสะอาดแผลด้วยน้ำเกลือปราศจากเชื้อ หรือใช้น้ำสะอาด ซับแผลให้แห้งก่อนจะทายาฆ่าเชื้อ
3. หากกดแผลไว้แล้วเลือดยังไม่หยุดไหล ให้ใช้ผ้าอีกผืนกดทับโดยไม่ต้องเอาผืนเดิมออก กดแผลต่อไปจนกว่าเลือดจะหยุดซึมขึ้นมาบนผ้า
4. ยกอวัยวะที่มีบาดแผลให้สูงกว่าระดับหัวใจ หากเป็นแผลบริเวณขาหรือแขน ให้ยกขาหรือแขนให้สูงกว่าหัวใจเพื่อช่วยให้เลือดไหลช้าลง เลือดหยุดไหลเร็วขึ้น ทำควบคู่กับแรงกดที่เหมาะสม
5. การใช้สายรัดห้ามเลือด ต้องไม่ชิดบาดแผลเกินไป รัดแล้วยกปลายแขนหรือขา คลายสายรัดออกเป็นพัก ๆ ห้ามรัดเกิน 1 ชั่วโมง เพราะอวัยวะอาจขาดเลือดไปเลี้ยงได้ วิธีห้ามเลือดด้วยสายรัดนี้ควรใช้เฉพาะกรณีที่เลือดไหลไม่หยุด",Hospital,critical
Head Injury (Conscious),หัวกระแทก (รู้สึกตัว),"หัวแตก, หัวโน, หัวปูด, โดนตีหัว, ล้มหัวฟาด","1. สอบถามอาการผู้ได้รับบาดเจ็บ หากยังรู้สึกตัว เช่น เวียนศีรษะ คลื่นไส้ หรือปวดศีรษะรุนแรง
2. หากมีแผลเปิดที่หนังศีรษะ ให้ใช้ผ้าสะอาดกดเบาๆ เพื่อห้ามเลือด แต่หากสงสัยว่ามีกะโหลกแตก ห้ามกดแผลโดยตรง ควรใช้ผ้าสะอาดคลุมไว้
3. ใช้การประคบเย็นเพื่อลดอาการบวม โดยใช้ผ้าห่อน้ำแข็ง หรือถุงเจลเย็นประคบจุดที่กระแทก ครั้งละ 10-15 นาที ทุกชั่วโมง
4. ห้ามเคลื่อนย้าย หรือขยับศีรษะ คอโดยไม่จำเป็น หากสงสัยว่ามีกระดูกคอ หรือกะโหลกแตก ควรรอทีมแพทย์ช่วยเหลือ
5. สังเกตอาการอย่างละเอียด หากมีอาการแขนขาอ่อนแรง พูดไม่ชัด มีเลือดหรือน้ำไหลจากหู หรือจมูก ควรเรียกรถพยาบาลทันที โดยแจ้งอาการให้แพทย์ทราบ เพื่อขอคำแนะนำในการดูแลผู้ได้รับบาดเจ็บเพิ่มเติม
6. ห้ามดื่มน้ำหรือกินยาเอง เพราะอาจสำลักหรือทำให้อาการแย่ลง ควรรอคำแนะนำจากแพทย์",Hospital,mild
Head Injury (Unconscious),หัวกระแทก (หมดสติ),"สลบ, ไม่ตื่น, เลือดออกหู, ตาลอย, จำอะไรไม่ได้, สมองกระทบกระเทือน","1. ไม่ควรเคลื่อนย้ายผู้ป่วยเว้นแต่จะอยู่ในอันตรายร้ายแรง การเคลื่อนไหวที่ไม่จำเป็นอาจทำให้เกิดภาวะแทรกซ้อนที่รุนแรงขึ้นต่ออาการบาดเจ็บที่ศีรษะ กระดูกสันหลัง หรือการบาดเจ็บอื่นๆ ที่เกี่ยวข้อง หลักการที่ดีคือ หากศีรษะได้รับบาดเจ็บ คออาจได้รับบาดเจ็บด้วยเช่นกัน
2. หน้าที่ของคุณคือการปกป้องผู้บาดเจ็บจากอันตรายที่อาจเกิดขึ้น ณ ที่เกิดเหตุ
3. เฝ้าสังเกตทางเดินหายใจและการหายใจของผู้ป่วยจนกว่ารถพยาบาลจะมาถึง หากการหายใจของบุคคลนั้นติดขัดเนื่องจากปัญหาเกี่ยวกับทางเดินหายใจ คุณอาจต้องค่อยๆ เอียงศีรษะของพวกเขาไปด้านหลัง (และประคองไว้) จนกว่าการหายใจจะกลับมาเป็นปกติ
หากบุคคลนั้นหยุดหายใจหรือไม่มีชีพจรอาจจำเป็นต้องทำการ CPR",Hospital,critical
Amputation (Finger),นิ้วขาด,"นิ้วหลุด, มีดตัดนิ้ว, เก็บชิ้นส่วน, นิ้วกุด, เครื่องจักรตัดนิ้ว","1. ทำการห้ามเลือดโดยใช้ผ้าสะอาดหรือผ้าก๊อซจำนวนมากปิดบาดแผลและกดให้แน่น โดยเฉพาะบริเวณแขนหรือขาซึ่งมีโอกาสเสียเลือดได้เลือดมาก
2. ตรวจสอบว่ามีชิ้นส่วนของอวัยวะที่ถูกตัดขาดออกจากตัวผู้ป่วยหรือไม่ หากมีให้นำอวัยวะนั้นใส่ถูกพลาสติกสะอาด รัดปากถุงให้แน่นแล้วนำไปใส่ในน้ำที่มีน้ำแข็งอยู่ด้วย เพื่อควบคุมให้อุณหภูมิไม่เย็นจนเกินไป (อุณหภูมิที่เหมาะสมคือ 4 องศาเซลเซียส) ที่สำคัญห้ามนำอวัยวะที่ถูกตัดขาดไปสัมผัสกับน้ำแข็งโดยตรง เพราะจะทำให้เซลล์ตาย ในกรณีที่อวัยวะที่ถูกตัดขาดมีขนาดใหญ่ เช่น มือ แขน หรือขา หากเก็บรักษาอย่างถูกวิธี อวัยวะนั้นอาจมีชีวิตอยู่ได้ถึง 6 ชั่วโมง และในกรณีนิ้วขาด เนื้อเยื่อจะยังคงมีชีวิตอยู่ได้ถึง 12 ชั่วโมง ส่วนกรณีที่ยังมีเนื้อเยื่อติดอยู่กับตัวผู้ป่วย ให้ทำการห้ามเลือดและประคองส่วนที่ได้รับบาดเจ็บให้มั่นคงไม่ให้ถูกดึงรั้งไปมา
3. เมื่อทำการปฐมพยาบาลเบื้องต้นแล้ว ควรรีบทำการติดต่อไปยังโรงพยาบาลว่า มีแพทย์ที่พร้อมจะทำการผ่าตัดหรือไม่ เพื่อลดเวลาที่อาจจะเสียไปจากการส่งต่อผู้ป่วยระหว่างโรงพยาบาล",Hospital,critical
Amputation (Hand/Arm),มือ/แขนขาด,"แขนขาด, ข้อมือขาด, เลือดพุ่ง, เก็บแขน","1. ทำการห้ามเลือดโดยใช้ผ้าสะอาดหรือผ้าก๊อซจำนวนมากปิดบาดแผลและกดให้แน่น โดยเฉพาะบริเวณแขนหรือขาซึ่งมีโอกาสเสียเลือดได้เลือดมาก
2. ตรวจสอบว่ามีชิ้นส่วนของอวัยวะที่ถูกตัดขาดออกจากตัวผู้ป่วยหรือไม่ หากมีให้นำอวัยวะนั้นใส่ถูกพลาสติกสะอาด รัดปากถุงให้แน่นแล้วนำไปใส่ในน้ำที่มีน้ำแข็งอยู่ด้วย เพื่อควบคุมให้อุณหภูมิไม่เย็นจนเกินไป (อุณหภูมิที่เหมาะสมคือ 4 องศาเซลเซียส) ที่สำคัญห้ามนำอวัยวะที่ถูกตัดขาดไปสัมผัสกับน้ำแข็งโดยตรง เพราะจะทำให้เซลล์ตาย ในกรณีที่อวัยวะที่ถูกตัดขาดมีขนาดใหญ่ เช่น มือ แขน หรือขา หากเก็บรักษาอย่างถูกวิธี อวัยวะนั้นอาจมีชีวิตอยู่ได้ถึง 6 ชั่วโมง ส่วนกรณีที่ยังมีเนื้อเยื่อติดอยู่กับตัวผู้ป่วย ให้ทำการห้ามเลือดและประคองส่วนที่ได้รับบาดเจ็บให้มั่นคงไม่ให้ถูกดึงรั้งไปมา
3. เมื่อทำการปฐมพยาบาลเบื้องต้นแล้ว ควรรีบทำการติดต่อไปยังโรงพยาบาลว่า มีแพทย์ที่พร้อมจะทำการผ่าตัดหรือไม่ เพื่อลดเวลาที่อาจจะเสียไปจากการส่งต่อผู้ป่วยระหว่างโรงพยาบาล",Hospital,critical
Amputation (Leg/Foot),ขา/เท้าขาด,"ขาขาด, รถชนขาขาด, เท้าหลุด, รถทับขาขาด","1. ทำการห้ามเลือดโดยใช้ผ้าสะอาดหรือผ้าก๊อซจำนวนมากปิดบาดแผลและกดให้แน่น โดยเฉพาะบริเวณแขนหรือขาซึ่งมีโอกาสเสียเลือดได้เลือดมาก
2. ตรวจสอบว่ามีชิ้นส่วนของอวัยวะที่ถูกตัดขาดออกจากตัวผู้ป่วยหรือไม่ หากมีให้นำอวัยวะนั้นใส่ถูกพลาสติกสะอาด รัดปากถุงให้แน่นแล้วนำไปใส่ในน้ำที่มีน้ำแข็งอยู่ด้วย เพื่อควบคุมให้อุณหภูมิไม่เย็นจนเกินไป (อุณหภูมิที่เหมาะสมคือ 4 องศาเซลเซียส) ที่สำคัญห้ามนำอวัยวะที่ถูกตัดขาดไปสัมผัสกับน้ำแข็งโดยตรง เพราะจะทำให้เซลล์ตาย ในกรณีที่อวัยวะที่ถูกตัดขาดมีขนาดใหญ่ เช่น มือ แขน หรือขา หากเก็บรักษาอย่างถูกวิธี อวัยวะนั้นอาจมีชีวิตอยู่ได้ถึง 6 ชั่วโมง ส่วนกรณีที่ยังมีเนื้อเยื่อติดอยู่กับตัวผู้ป่วย ให้ทำการห้ามเลือดและประคองส่วนที่ได้รับบาดเจ็บให้มั่นคงไม่ให้ถูกดึงรั้งไปมา
3. เมื่อทำการปฐมพยาบาลเบื้องต้นแล้ว ควรรีบทำการติดต่อไปยังโรงพยาบาลว่า มีแพทย์ที่พร้อมจะทำการผ่าตัดหรือไม่ เพื่อลดเวลาที่อาจจะเสียไปจากการส่งต่อผู้ป่วยระหว่างโรงพยาบาล""",Hospital,critical
Avulsion,แผลหนังเปิด/ถลอกลึก,"หนังหลุด, เนื้อหลุด, รถล้มแผลถลอกลึก, เห็นเนื้อแดง, แผลเหวอะ","1. เริ่มต้นด้วยการล้างรอยถลอกเบา ๆ ด้วยสบู่อ่อน ๆ และน้ำเพื่อขจัดสิ่งสกปรก เศษซาก และแบคทีเรีย ใช้ผ้าสะอาดหรือผ้ากอซฆ่าเชื้อซับบริเวณนั้น โดยหลีกเลี่ยงการขัดถูแรงๆ ที่อาจทำให้ผิวระคายเคืองมากขึ้นและการทำความสะอาดยังช่วยป้องกันการติดเชื้อและสร้างสภาพแวดล้อมที่สะอาดสำหรับการรักษาแผลได้
2. ทายาฆ่าเชื้อ หลังจากทำความสะอาดแล้ว ให้ทายาฆ่าเชื้อที่มีส่วนผสมของโพวิโดนไอโอดีนซึ่งมี
คุณสมบัติในการยับยั้งและฆ่าเชื้อแบคทีเรีย เชื้อไวรัส หรือเชื้อราต่างๆที่อาจเกิดขึ้นในแผลได้และที่สำคัญต้องใช้ให้ถูกต้องตามคำแนะนำของเภสัชกรและแพทย์ 
3. ปิดด้วยผ้าพันแผล ป้องกันการเสียดสีจากการระคายเคืองเพิ่มเติมโดยปิดด้วยผ้าพันแผลหรือผ้าปิด
แผลที่ปราศจากเชื้อ ซึ่งจะช่วยปกป้องแผลจากสิ่งสกปรก เชื้อโรค และการเสียดสี ซึ่งช่วยลดความเสี่ยงของการติดเชื้อและเปลี่ยนผ้าพันแผลเป็นประจำโดยเฉพาะอย่างยิ่งถ้ามันเปียกหรือสกปรก
4. สังเกตอาการของการติดเชื้อ จับตาดูรอยถลอกอย่างใกล้ชิดขณะสมานตัว สังเกตอาการต่างๆ เช่น
ปวดมากขึ้น แดง บวม รู้สึกอุ่น หรือมีน้ำไหลออกมา ซึ่งอาจบ่งบอกถึงการติดเชื้อ หากมีอาการใดๆ เกิดขึ้นหรือหากรอยถลอกไม่ดีขึ้นภายในสองสามวัน ให้ไปพบแพทย์ทันทีเพื่อป้องกันภาวะแทรกซ้อน
5. การทำให้แผลอยู่ในความชุ่มชื้นที่เหมาะสม ช่วยป้องกันการขยายของบาดแผลออกไปได้แต่ความชื้นที่มากเกินไปอาจเป็นอันตรายและส่งผลเสียต่อกระบวนการหายของแผลได้เนื่องจากความชื้นสามารถเป็นแหล่งการเจริญเติบโตของเชื้อโรคและเชื้อแบคทีเรียได้ซึ่งอาจทำให้เกิดการติดเชื้อและภาวะแทรกซ้อนที่เสี่ยงต่อสุขภาพได้ นอกจากนี้ความชื้นยังอาจทำให้แผลอ่อนแอได้ง่าย การป้องกันความชื้นบนแผลจึงเป็นสิ่งสำคัญในการดูแลแผล โดยมักจะใช้วิธีการปิดแผลด้วยผ้าพันแผลหรือสารป้องกันน้ำ เพื่อป้องกันไม่ให้น้ำสัมผัสตรงกับแผลและยังควรเปลี่ยนผ้าพันแผลหรือสารป้องกันน้ำอย่างสม่ำเสมออีกด้วย",Hospital,critical
,แผลบดทับ (ประตูหนีบ),,"1. ตรวจดูว่านิ้วที่โดนประตูหนีบมีบาดแผล หรือมีเลือดออกหรือไม่ หรือมีอาการเล็บฉีกหรือเปล่า หากมี ควรทำความสะอาดบาดแผลนั้นด้วยสบู่และน้ำสะอาด ซับให้แห้ง และทำแผลหรือปิดพลาสเตอร์ให้เรียบร้อย เพื่อป้องกันไม่ให้เชื้อโรคเข้าไปในแผล
2. ใช้น้ำแข็ง หรือแผ่นทำความเย็น ห่อด้วยผ้าขนหนูสะอาด แล้วมาประคบในบริเวณนิ้วที่โดนประตูหนีบ การประคบเย็นในทันที สามารถช่วยลดอาการปวดและอาการบวมลงได้ ประคบเย็นเป็นเวลาประมาณ 10 นาที และประคบทุก ๆ 20 นาที ตลอดวัน ระวังอย่าให้น้ำแข็งสัมผัสกับผิวโดยตรงเป็นเวลานาน เพราะอาจเสี่ยงโดนน้ำแข็งกัดได้ และอย่าประคบแรงเกินไป เพราะจะยิ่งทำให้เกิดอาการช้ำและปวดรุนแรงขึ้น
3. การยกนิ้วขึ้นให้สูงกว่าระดับของหัวใจ จะทำให้เลือดไหลเวียนไปยังบริเวณที่บาดเจ็บได้ช้าลง และช่วยลดแรงดัน อาการบวม และอาการอักเสบได้
4. อย่าเพิ่งใช้นิ้วที่โดนประตูหนีบในทันที แต่ควรหยุดพัก ให้นิ้วมีอาการดีขึ้น เพราะการรีบใช้นิ้วที่ได้รับบาดเจ็บเร็วเกินไป อาจจะทำให้อาการบาดเจ็บนั้นรุนแรงขึ้นได้ นอกจากนี้ก็ควรคอยสังเกตดูว่า นิ้วที่โดนหนีบนั้นมีอาการบวม อักเสบ หรืออาการอื่น ๆ ที่น่าเป็นกังวลหรือไม่
5. หากมีอาการปวดมากจนทนไม่ไหว สามารถกินยาแก้ปวดและยาลดอักเสบที่หาซื้อได้ตามร้านขายยา เช่น ยาพาราเซตามอล ยาไอบูโพรเฟน (ibuprofen) หรือยาแอสไพริน เพื่อช่วยบรรเทาอาการปวดและอาการอักเสบได้
6. ลองขยับนิ้วที่โดนประตูหนีบดู ว่าสามารถขยับได้ตามปกติหรือไม่ หากคุณไม่สามารถขยับนิ้วได้ หรือไม่สามารถรับรู้ความรู้สึกในบริเวณนิ้วนั้นได้ ควรรีบไปพบหมอเพื่อทำการตรวจในทันที ห้าม พันผ้าพันแผล หรือรัดในบริเวณนิ้วที่โดนประตูหนีบเป็นอันขาด เพราะอาการบาดเจ็บจากการโดนประตูหนีบจะทำให้มีเลือดไหลมาในบริเวณนั้นเป็นจำนวนมากอยู่แล้ว การพันหรือรัดแผลในบริเวณนี้ จะทำให้เลือดไม่สามารถมาเลี้ยงได้อย่างเพียงพอ และทำให้เนื้อเยื่อในบริเวณที่โดนประตูหนีบเสียหายมากขึ้น",Hospital,critical
Impaled Object,มีวัตถุปักคา,"เหล็กเสียบ, ไม้เสียบ, มีดปักคา, ห้ามดึงออก, โดนเสียบ, ทะลุ","1. อย่าพยายามดึงวัตถุที่ปักคาออก เนื่องจากวัตถุนั้นอาจช่วยอุดหลอดเลือดไว้ หากดึงออกอาจทำให้เลือดไหลไม่หยุด
2. ใช้ผ้าสะอาดหรือผ้าก๊อซวางรอบๆ วัตถุที่ปักคาเพื่อห้ามเลือดและประคองไม่ให้วัตถุขยับ
3. พันผ้าพันแผลรอบๆ วัตถุและอวัยวะบริเวณนั้นให้แน่นพอประมาณเพื่อยึดวัตถุให้คงที่
4. ทำความสะอาด หากมีเลือดไหลซึม ให้กดเบาๆ บริเวณรอบๆ วัตถุ
5. รีบนำผู้ป่วยส่งโรงพยาบาลทันที 
6. หากวัตถุมีขนาดใหญ่ ให้ยึดด้วยผ้าหลายๆ ชั้น
7. ห้ามใส่ยาฆ่าเชื้อหรือแอลกอฮอล์ลงในแผลที่มีวัตถุปักคาโดยตรง
8. กรณีวัตถุปักคาที่ตา ให้ใช้ถ้วยหรือวัสดุครอบไว้แล้วปิดทับ",Hospital,critical
Gunshot Wound,แผลกระสุนปืน,"โดนยิง, ถูกยิง, ลูกปืน, แผลรู, เลือดออกเยอะ, ปืนลั่น","1. ประเมินสถานการณ์ หากคุณหรือคนใกล้ตัวถูกยิง ต้องให้ความสำคัญกับความปลอดภัยของตัวเองและผู้อื่น หากยิงยังไม่หยุด ให้หาที่ปลอดภัยเพื่อป้องกันการถูกยิงอีก
2. ควรขอความช่วยเหลือ และโทรแจ้งหน่วยฉุกเฉินมาทันที ก่อนที่จะเข้าไปจัดการกับสถานการณ์ พยายามอย่าเคลื่อนไหวตัวผู้ป่วยมากจนเกินไป เนื่องจากอาจส่งผลกระทบต่อกระดูกสันหลังของผู้ที่ถูกยิงได้
3. ผู้ปฐมพยาบาลใช้ถุงขนมหรืออะไรก็ได้ที่เป็นพลาสติกปิดทับไปตรงบริเวณบาดแผลและหาผ้าที่อยู่ใกล้ๆตัวอาทิ หมวกผ้า พ้าพันคอ ผ้าเช็ดหน้า มาพับให้หนาๆ เพื่อใช้กดบริเวณบาดแผลเพื่อทำการห้ามเลือด และให้หาผ้ายาวๆ มาอีกหนึ่งผืนเพื่อใช้ในการพันปิดทับไปบนบาดแผลและใช้พันบริเวณรอบลำตัว หรือถ้าไม่มีผ้าเลยก็สามารถใช้เสื้อผ้าหรือเสื้อกันหนาวที่ไม่หนามากนำมาใช้ในการผูกปิดทับบริเวณบาดแผลหรือบริเวณลำตัวก็ได้
สำหรับแผลในบริเวณหน้าอกควรหาพลาสติกหรืออะไรก็ได้มาอุดปิดบาดแผล เพื่อป้องกันไม่ให้อากาศไหลเข้าทางบาดแผล และเพื่อป้องกันไม่ให้ปอดแฟบ แต่หากผู้ป่วยมีอาการหายใจไม่ออก ก็ไม่มีควรอุดบาดแผลนั้น
4. เมื่อบาดแผลถูกปิดไปแล้ว ควรป้องกันการติดเชื้อโดยรัดผ้าสะอาดหรือผ้าเช็ดแผลอย่างเรียบร้อย ไม่ควรใช้น้ำส้มสายชูหรือสารละลายอื่นๆ ในบาดแผล เพราะอาจทำให้แผลติดเชื้อ
5. หลังจากที่คุณปฐมพยาบาลเบื้องต้นแล้ว และเหตุการณ์สงบ ให้รอการมาถึงของหน่วยบริการฉุกเฉิน อย่าพยายามเคลื่อนย้ายคนที่ถูกยิงหากไม่จำเป็น เพราะอาจทำให้บาดเจ็บมากขึ้น
6. ถ้าคุณหรือคนใกล้ตัวมีอาการตื่นตระหนกหรือทางจิตใจได้รับความกระทบ ควรมีคนที่สามารถให้คำสนับสนุนและช่วยดูแลจิตใจ และควรรับความช่วยเหลือจากผู้เชี่ยวชาญในด้านจิตเวชหากจำเป็น
7. หลังจากการปฐมพยาบาลเบื้องต้น รอให้ทีมการแพทย์มาดูแล ต้องทำตามคำแนะนำของพวกทีมแพทย์อย่างเคร่งครัด
สิ่งที่ไม่ควรทำ
1. ห้ามประคองตัวให้ผู้ป่วยอยู่ในท่านั่ง ควรให้ผู้ป่วยอยู่ในท่านอนเท่านั้น การทำให้ผู้ป่วยอยู่ในท่านั่ง จะทำให้เลือดไปไหลเวียนในสมองได้ยากขึ้น ทำให้มีเลือดไปเลี้ยงสมองไม่เพียงพอ และทำให้สมองขาดออกซิเจนได้
2. ห้ามเคลื่อนย้ายผู้ป่วยโดยไม่จำเป็น เพราะอาจจะทำให้เกิดการกระทบกระเทือนต่อตัวผู้ป่วย และอาจทำให้บาดแผลรุนแรงขึ้นได้
3. พยายามอย่ากดห้ามเลือดแรงเกินไป อาจทำให้อวัยวะส่วนปลายขาดเลือดไปเลี้ยงได้
4. หากผู้ป่วยเสียเลือดมาก ให้ยกขาผู้ป่วยขึ้น แต่ห้ามยกขาผู้ป่วยหากบาดแผลถูกยิงอยู่ในบริเวณหน้าอกหรือช่องท้อง เพราะจะทำให้เลือดไหลออกเร็วขึ้น",Hospital,critical
Stab Wound,แผลถูกแทง,"โดนแทง, มีดปัก, แผลลึก, โดนเสียบ, แทงกัน","1. พยายามห้ามเลือดเป็นอันดับแรก ด้วยการกดที่แผลโดนแทง หรือ แผลถูกแทงด้วยของแหลม โดยตรง พยายามยกแผลให้อยู่ในระดับเหนือหัวใจเป็นเวลา 15 นาที เท่านี้ก็เพียงพอที่จะห้ามเลือดได้ หากไม่ใช่การกดที่แผลโดยตรง ก็ใช้วิธีการกดบริเวณจุดกดห้ามเลือด ซึ่งเป็นบริเวณของร่างกายที่เส้นเลือดวิ่งใกล้กับผิวด้านนอก รวมถึงหลอดเลือดแดงแขน หลอดเลือดแดงต้นขา (Femoral Artery) และหลอดเลือดแดงขาพับ ควรหลีกเลี่ยงการใช้สายรัดห้ามเลือด เว้นแต่การดูแลทางการแพทย์จะล่าช้าไปหลายชั่วโมง
2. โทรเรียกรถพยาบาลทันที เพื่อจะได้รับผู้ที่มีแผลโดนแทง หรือ แผลถูกแทงด้วยของแหลม ซึ่งบาดแผลอาจจะเป็นบาดแผลลึกแต่ไม่ทราบสาเหตุของการเกิดบาดแผล บาดแผลที่เกิดขึ้นอาจจะอยู่บริเวณคอ หน้าท้อง หลัง กระดูกเชิงกราน ต้นขา หรือหน้าอก ส่วนแผลโดนแทงในบริเวณอื่น ๆ แม้ว่าจะตื้น แต่ก็ควรต้องโทรเรียกรถพยาบาลเช่นกัน เพราะหากเกิดแผลโดนแทงที่หน้าอกจนเกิดรู อาจทำให้เลือดไหลไม่หยุด ทั้งยังอาจทำให้ปอดยุบได้ บาดแผลโดนแทงที่หน้าอกควรปิดแผลทันทีด้วยมือหรือผ้าพันแผล หากผู้ที่โดนแทงมีอาการแย่ลงหลังจากปิดบาดแผล อาจจะมีการบ่นว่าหายใจไม่อิ่มได้ วิธีแก้ก็คือ เปิดมือหรือผ้าพันแผลออก
3. เมื่อห้ามเลือดได้แล้ว ให้ล้างแผลด้วยน้ำอุ่นและสบู่อ่อน ๆ หากมีเลือดออกอีกให้ทำขั้นตอนที่ 2 ซ้ำอีกครั้ง
4. ดูว่าแผลต้องเย็บไหม หากแผลโดนแทงมีขนาดที่กว้างอาจจะต้องทำการเย็บแผล โดยการส่งผู้บาดเจ็บไปที่แผนกฉุกเฉิน
5. ทำแผลให้ถูกต้อง สำหรับแผลโดนแทง หรือ แผลถูกแทงด้วยของแหลม ขนาดเล็ก ที่ไม่จำเป็นต้องเย็บแผล ให้ใช้ครีมฆ่าเชื้อทาบริเวณแผล จากนั้นปิดแผลด้วยผ้าพันแผล",Hospital,critical
Nosebleed,เลือดกำเดาไหล,"เลือดกำเดา, เลือดออกจมูก, โดนกระแทกจมูก, เงยหน้าหรือก้มหน้า","1. นั่งตัวตรงและโน้มตัวไปข้างหน้าเล็กน้อย อย่านอนหรือนั่งเอนหลัง เพราะอาจทำให้เลือดไหลย้อนเข้าไปในคอและทำให้เกิดการสำลักหรือระคายคอ
2. บีบจมูกเบา ๆ ใช้นิ้วหัวแม่มือและนิ้วชี้บีบปีกจมูกทั้งสองข้างเข้าหากัน ค้างไว้ประมาณ 5-10 นาที เพื่อช่วยให้เลือดหยุดไหล
3. หายใจทางปาก ขณะบีบจมูก ควรหายใจทางปากแทน และพยายามอย่าขยับจมูกหรือพูดคุยมากเกินไป
4. ประคบเย็นที่จมูกหรือหน้าผาก การประคบเย็นด้วยผ้าชุบน้ำเย็นหรือถุงน้ำแข็งที่จมูกหรือหน้าผากสามารถช่วยหดหลอดเลือดและลดการไหลของเลือดได้
5. หลีกเลี่ยงการทำกิจกรรมที่ต้องใช้แรง หรืออยู่ในที่อากาศร้อน",none,no need
Eye Injury (Object),สิ่งแปลกปลอมเข้าตา,"อะไรเข้าตา, เจ็บตา, ตาแดง, เคืองตา, ลืมตาไม่ขึ้น","เมื่อมีสิ่งแปลกปลอมต่าง ๆ เข้าสู่ลูกตา ร่างกายจะมีกลไกในการกำจัดสิ่งแปลกปลอมเหล่านั้นด้วยการผลิตน้ำตาขึ้นมาเพื่อชะล้างสิ่งแปลกปลอมออก ทำให้อาการหายไปเองหลังสิ่งแปลกปลอมนั้นถูกขับออกมา หากสิ่งแปลกปลอมยังคงติดอยู่ ให้ปฏิบัติด้วยวิธีดังต่อไปนี้
1. กะพริบตาบ่อย ๆ เพื่อช่วยขับสิ่งแปลกปลอมให้ออกมาเร็วขึ้น แต่หากเศษผงไม่อาจถูกชะล้างด้วยน้ำตาได้ ห้ามใช้สำลีก้านหรืออุปกรณ์ใดไปสัมผัสกับลูกตา และห้ามขยี้ตาเด็ดขาด เพราะอาจทำให้ผิวกระจกตาถลอกได้
2. ล้างตา โดยล้างมือให้สะอาด และถอดคอนแทคเลนส์ออก(ถ้ามี) จากนั้นเอียงศีรษะไปด้านข้าง ใช้นิ้วเปิดเปลือกตาบนล่างออกจากกัน แล้วใช้น้ำเกลือหรือน้ำสะอาด 1 แก้ว ค่อย ๆ รินจากหัวตาให้น้ำไหลผ่านลูกตา ชะล้างเอาสิ่งแปลกปลอมออก หากทำตามวิธีข้างต้นแล้วไม่ได้ผล ควรรีบมาพบแพทย์
3. ไปพบแพทย์เพื่อรับการตรวจรักษาทันทีหากปรากฏอาการ เช่น เจ็บปวดตารุนแรงหรือปวดตาไม่หยุด มีปัญหากับการมองเห็น เห็นภาพซ้อน เห็นภาพไม่ชัด มองเห็นภาพเป็นจุด ดวงตาไวต่อแสง มองเห็นแสงหรือเงากระจายเป็นรัศมีรอบ ๆ ดวงไฟ มีเลือดออกในตา หรือลักษณะของตาดำเปลี่ยนไป เป็นต้น
4. ในกรณีที่เศษวัตถุกระเด็นเข้าตาด้วยความเร็วและแรง หรือเป็นเศษวัตถุมีคมขนาดค่อนข้างใหญ่ เช่น เศษแก้ว เศษไม้ หรือเศษเหล็ก หรือสงสัยว่าอาจมีเศษวัตถุดังกล่าวเข้าตา ห้ามดึงและกำจัดวัตถุนั้นออกจากตาด้วยตนเอง เพราะอาจทำให้เกิดการบาดเจ็บในดวงตาได้ และควรไปพบแพทย์เพื่อรับการรักษาที่เหมาะสมทันที",Hospital,critical
Eye Injury (Chemical),สารเคมีเข้าตา,"แสบตา, น้ำยาเข้าตา, ตาบอด, ล้างตา, กรดเข้าตา, โดนสารเคมี",1. หากใส่คอนแทคเลนส์ควรถอดออกก่อน 2. ล้างตาด้วยน้ำเกลือปราศจากเชื้อ (Sterile Normal Saline) หรือสารละลายล้างตา (Eye Irrigation Solution) เพื่อลดโอกาสการเกิดปฏิกิริยา ระหว่างสารเคมีและน้ำที่อาจไม่บริสุทธิ์ แต่หากไม่มีสามารถใช้น้ำเปล่าได้ โดยเปิดเปลือกตาขึ้น และกรอกตาไปมาเพื่อให้น้ำไหลผ่านดวงตาอย่างสม่ำเสมอ อย่างน้อย 15 นาที ให้มุมหัวตาอยู่สูงกว่ามุมหางตาในขณะล้าง เพื่อป้องกันสารไหลไปยังตาข้างที่ไม่ได้รับสารปนเปื้อน 3. ห้ามขยี้ตาเพราะอาจทำให้ดวงตาเสียหายรุนแรงขึ้น 4. กรณีไม่สามารถพบแพทย์ได้ทันที สามารถใช้สารหล่อลื่นตา (Artificial Tears) ชนิดไม่มีสารกันเสีย เพื่อลดอาการระคายเคืองชั่วคราวได้ แต่ควรใช้หลังการล้างตาด้วยน้ำสะอาด หรือน้ำเกลือแล้วเท่านั้น และควรรีบไปพบแพทย์ให้เร็วที่สุดเท่าที่จะทำได้,Clinic,mild
,สารเคมีเข้าปาก,,1.ให้รีบบ้วนปากด้วยน้ำสะอาด แต่ห้ามทำให้อาเจียน เพราะการกระตุ้นอาเจียนอาจทำให้พื้นที่สัมผัสสารเคมีในกระเพาะอาหาร และลำคอมากขึ้น หากเป็นสารกัดกร่อน เช่น กรด หรือด่างแรง หรือสารกำจัดศัตรูพืช ควรไปโรงพยาบาลทันที พร้อมแจ้งชนิดของสารเคมีที่กลืนเข้าไปให้แพทย์ทราบ,Clinic,mild
,สูดดมสารเคมี,,1. ควรรีบออกจากพื้นที่ที่มีแก๊สพิษ ไปยังบริเวณที่มีอากาศบริสุทธิ์ และระบายอากาศได้ดี ตรวจสอบการหายใจ และอาการ หากหัวใจหยุดเต้น ควรทำ CPR อย่างถูกวิธี และรีบนำตัวส่งโรงพยาบาล โดยแจ้งชนิดของสารเคมีที่สูดดมเข้าไป เพื่อการรักษาที่เหมาะสม ห้ามทำให้อาเจียน หรือให้ดื่มน้ำ และนมโดยไม่ปรึกษาแพทย์ โดยเฉพาะในกรณีของสารกัดกร่อน เพราะอาจทำให้อาการแย่ลง,Clinic,mild
,เสื้อผ้าเปื้อนสารเคมี,,1. ควรรีบถอดออก เพื่อป้องกันการซึมผ่านผิวหนัง และลดความเสี่ยงต่อการเกิดการระคายเคือง ให้อาบน้ำ หรือล้างร่างกายบริเวณที่สัมผัสสารเคมีด้วยน้ำสะอาดโดยให้น้ำไหลผ่านนานๆ เพื่อให้สารเคมีเจือจาง และลดความเข้มข้น โดยไม่ต้องใช้สบู่ หรือสารเคมีใดๆ หากเสื้อผ้าเปื้อนสารเคมีรุนแรง ควรทิ้งด้วยการห่อให้มิดชิดเพื่อป้องกันการปนเปื้อนซ้ำ และไม่ให้สารเคมีแพร่กระจายไปยังผู้อื่น 2. กรณีอาการรุนแรง เช่น หายใจลำบาก หรือปวดแสบปวดร้อนมาก หรือไม่แน่ใจว่าสารเคมีเป็นอันตรายมากน้อยเพียงใด ควรรีบพบแพทย์,Clinic,mild
Eye Injury (Penetrating),วัตถุทิ่มตา,"เหล็กทิ่มตา, ไม้ทิ่มตา, เลือดออกตา, ตาบอด, ห้ามดึงออก","1. ห้ามขยี้ตาเด็ดขาด: การขยี้จะทำให้เศษเหล็กบาดกระจกตามากขึ้น
2. ล้างตา: ใช้น้ำสะอาด หรือน้ำเกลือล้างแผล (Normal Saline) ล้างผ่านดวงตา เพื่อให้เศษเหล็กไหลออกมา
3. ห้ามเขี่ยเอง: โดยเฉพาะการใช้ของมีคมหรือผ้าเช็ดหน้าเขี่ย
4. ปิดตา: หากมีแผลหรือปวดมาก ให้ใช้ผ้าสะอาดหรือฝาครอบตา (Eye Shield) ปิดตาเบาๆ เพื่อป้องกันการกระแทกและลดการกรอกตา
5. ควรไปโรงพยาบาลที่มีจักษุแพทย์เพื่อนำเศษเหล็กออกและป้องกันการติดเชื้อ",Hospital,critical
Skull Fracture,กะโหลกร้าว,"หัวบุบ, หัวยุบ, เลือดออกจมูก/หู, ตกจากที่สูง","1. สอบถามอาการผู้ได้รับบาดเจ็บ หากยังรู้สึกตัว เช่น เวียนศีรษะ คลื่นไส้ หรือปวดศีรษะรุนแรง
2. หากมีแผลเปิดที่หนังศีรษะ ให้ใช้ผ้าสะอาดกดเบาๆ เพื่อห้ามเลือด แต่หากสงสัยว่ามีกะโหลกแตก ห้ามกดแผลโดยตรง ควรใช้ผ้าสะอาดคลุมไว้
3. ใช้การประคบเย็นเพื่อลดอาการบวม โดยใช้ผ้าห่อน้ำแข็ง หรือถุงเจลเย็นประคบจุดที่กระแทก ครั้งละ 10-15 นาที ทุกชั่วโมง
4. ห้ามเคลื่อนย้าย หรือขยับศีรษะ คอโดยไม่จำเป็น หากสงสัยว่ามีกระดูกคอ หรือกะโหลกแตก ควรรอทีมแพทย์ช่วยเหลือ
5. สังเกตอาการอย่างละเอียด หากมีอาการแขนขาอ่อนแรง พูดไม่ชัด มีเลือดหรือน้ำไหลจากหู หรือจมูก ควรเรียกรถพยาบาลทันที โดยแจ้งอาการให้แพทย์ทราบ เพื่อขอคำแนะนำในการดูแลผู้ได้รับบาดเจ็บเพิ่มเติม
6. ห้ามดื่มน้ำหรือกินยาเอง เพราะอาจสำลักหรือทำให้อาการแย่ลง ควรรอคำแนะนำจากแพทย์",Hospital,critical
Neck/Spine Injury,บาดเจ็บกระดูกสันหลัง,"คอหัก, ขยับไม่ได้, ปวดหลัง, ตกบันได, รถชน, ห้ามขยับ, คอพับ","1. บอกผู้ป่วยห้ามขยับศีรษะ โทรแจ้ง 1669 ถ้าเป็นไปได้บอกให้ผู้อื่นไปโทรแจ้ง ในขณะที่ท่านประคองศีรษะและคอผู้ป่วยไว้ไม่ให้เคลื่อนไหวและบอกให้แจ้งศูนย์รับแจ้งเหตุด้วยว่าสงสัยผู้ป่วยอาจได้รับบาดเจ็บที่กระดูกสันหลัง   2. ประคองศีรษะให้อยู่นิ่งๆ โดยนั่งคุกเข่าอยู่ด้านเหนือศีรษะของผู้ป่วย วางแขนลงบนพื้นจับประคองศีรษะผู้ป่วยไว้ให้มั่นคงแหล่งที่มา
3. วางอุปกรณ์เสริมข้างศีรษะ ให้ผู้ช่วยเหลืออีกคนหาผ้ามาม้วนเป็นก้อนกลม แล้ววางไว้ข้างศีรษะทั้งสองข้างเป็นอุปกรณ์เสริม   4. เฝ้าติดตามอาการอย่างใกล้ชิด คอยตรวจวัดสัญญาณชีพ ได้แก่ การหายใจ ชีพจร และระดับการตอบสนอง ในขณะที่รอรถพยาบาลมาถึง
",Hospital,critical
Clavicle Fracture,กระดูกไหปลาร้าหัก,"ไหล่เจ็บ, ไหล่ห้อย, ไหปลาร้าหัก, กระแทกไหล่, ยกแขนไม่ได้","1. หากผู้บาดเจ็บเกิดอุบัติเหตุหรือรู้สึกว่ากระดูกไหปลาร้าหัก ควรหยุดกิจกรรมและพยายามไม่ขยับบริเวณที่บาดเจ็บ
2. ใช้ผ้าพันหรือผ้ายืดมาทำเป็นสามเหลี่ยมผูกยึดแขนไว้ที่หน้าอกเพื่อลดการเคลื่อนไหวของกระดูกไหปลาร้า วิธีนี้ช่วยลดอาการปวดและป้องกันการเคลื่อนตัวของกระดูกที่หัก 
3. ใช้ผ้าเย็นหรือเจลประคบเย็นวางบนบริเวณที่บวมและเจ็บ ช่วยลดอาการปวดและบวม ควรประคบเย็นเป็นเวลา 15-20 นาที หลีกเลี่ยงการวางน้ำแข็งลงโดยตรงบนผิวหนัง
4. แนะนำให้ผู้บาดเจ็บหลีกเลี่ยงการขยับแขนหรือไหล่ข้างที่บาดเจ็บ เพื่อป้องกันการหักที่รุนแรงขึ้น ควรอยู่ในท่าที่สบายมากที่สุด
5. สามารถให้ยาพาราเซตามอลหรือตามคำแนะนำของแพทย์เพื่อลดอาการปวดระหว่างรอการรักษา
6. ควรนำผู้บาดเจ็บไปพบแพทย์ทันทีเพื่อรับการตรวจวินิจฉัยและการรักษาเพิ่มเติม เช่น การถ่ายภาพรังสี (X-ray) เพื่อดูตำแหน่งและความรุนแรงของการหัก",Hospital,critical
Arm Fracture (Upper),ต้นแขนหัก,"แขนผิดรูป, แขนห้อย, ปวดแขน, ขยับแขนไม่ได้, ดามแขน","1. ประคองบริเวณที่หัก ช่วยผู้ป่วยประคองข้อด้านบนและด้านล่างบริเวณที่หัก ให้อยู่ในท่าที่สบายที่สุด
2. ใช้ผ้าห่อป้องกันบริเวณที่หัก  ใช้ผ้าเช็ดตัวหรือผ้าปูโต๊ะ ห่อบริเวณที่หักและพยุงให้อยู่ในท่าที่สบาย อย่าพยายามขยับส่วนที่หักโดยไม่จำเป็น อาจทำให้ได้รับบาดเจ็บเพิ่มขึ้นได้ ถ้าเป็นแผลเปิดให้ปิดแผลด้วยผ้าสะอาดไม่มีขุยและพันให้เรียบร้อย    3. พยุงส่วนที่บาดเจ็บไว้ ในกรณีที่การช่วยเหลือมาถึงล้าช้า ถ้าแขนหักให้หาอุปกรณ์มาคล้องแขนไว้ ถ้าขาหักให้หาไม้มาแล้วใช้ผ้าพันไม้ก่อนนำมาดามขา . ถ้าผู้ป่วยแขนหักและไม่มีอาการช็อก  สามารถนำผู้ป่วยส่งโรงพยาบาลด้วยรถยนต์ แต่ถ้าขาหักควรนำส่งด้วยรถพยาบาลโดยการ โทรแจ้ง 1669แล้วคอยดูแลอาการช็อก เฝ้าติดตามอาการและบันทึกการหายใจ ชีพจร และระดับการตอบสนองของผู้ป่วย ห้ามให้ผู้ป่วยรับประทานอาหาร หรือดื่มเครื่องดื่มเพราะอาจต้องผ่าตัดฉุกเฉิน ห้ามยกขาสูงเมื่อต้องรักษาอาการช็อก",Hospital,critical
Arm Fracture (Lower),แขนท่อนล่างหัก,"ข้อมือหัก, แขนงอ, กระดูกโผล่ที่แขน, ล้มเท้าแขน","1. ประคองบริเวณที่หัก ช่วยผู้ป่วยประคองข้อด้านบนและด้านล่างบริเวณที่หัก ให้อยู่ในท่าที่สบายที่สุด
2. ใช้ผ้าห่อป้องกันบริเวณที่หัก  ใช้ผ้าเช็ดตัวหรือผ้าปูโต๊ะ ห่อบริเวณที่หักและพยุงให้อยู่ในท่าที่สบาย อย่าพยายามขยับส่วนที่หักโดยไม่จำเป็น อาจทำให้ได้รับบาดเจ็บเพิ่มขึ้นได้ ถ้าเป็นแผลเปิดให้ปิดแผลด้วยผ้าสะอาดไม่มีขุยและพันให้เรียบร้อย    3. พยุงส่วนที่บาดเจ็บไว้ ในกรณีที่การช่วยเหลือมาถึงล้าช้า ถ้าแขนหักให้หาอุปกรณ์มาคล้องแขนไว้ ถ้าขาหักให้หาไม้มาแล้วใช้ผ้าพันไม้ก่อนนำมาดามขา . ถ้าผู้ป่วยแขนหักและไม่มีอาการช็อก  สามารถนำผู้ป่วยส่งโรงพยาบาลด้วยรถยนต์ แต่ถ้าขาหักควรนำส่งด้วยรถพยาบาลโดยการ โทรแจ้ง 1669แล้วคอยดูแลอาการช็อก เฝ้าติดตามอาการและบันทึกการหายใจ ชีพจร และระดับการตอบสนองของผู้ป่วย ห้ามให้ผู้ป่วยรับประทานอาหาร หรือดื่มเครื่องดื่มเพราะอาจต้องผ่าตัดฉุกเฉิน ห้ามยกขาสูงเมื่อต้องรักษาอาการช็อก",Hospital,critical
Rib Fracture,ซี่โครงหัก,"เจ็บหน้าอก, หายใจเจ็บ, หน้าอกกระแทก, ไอเจ็บ, ช้ำใน","1. ใช้ยาแก้ปวด เช่นพาราเซตามอลหรือ เจล ไอบูโพรเฟน (หรือยาเม็ดไอบูโพรเฟนหากจำเป็น)
2. ประคบเย็น (หรือถุงถั่วลันเตาแช่แข็ง) ที่ห่อด้วยผ้าขนหนูลงบนซี่โครงที่ได้รับผลกระทบเป็นประจำในช่วงสองสามวันแรก เพื่อลดอาการบวม
3. พักผ่อนและลาหยุดงานหากจำเป็น
4. หายใจปกติและไอเมื่อรู้สึกอยากไอ – วิธีนี้จะช่วยขับเสมหะออกจากปอดเพื่อป้องกันการติดเชื้อในทรวงอก
5. ถ้าคุณต้องไอ ให้ใช้หมอนแนบหน้าอกไว้
6. เดินไปมาบ้าง และบางครั้งก็ขยับไหล่เพื่อช่วยให้หายใจสะดวกขึ้นและขับเสมหะออกจากปอด
7. หายใจเข้าออกช้าๆ ลึกๆ เป็นประจำ เพื่อช่วยให้ปอดโล่งขึ้น
8. ในช่วงสองสามคืนแรก พยายามนอนในท่าที่เอนตัวไปข้างหน้ามากขึ้น",Hospital,critical
Leg Fracture (Thigh),ต้นขาหัก,"ขาผิดรูป, ขาสั้นยาวไม่เท่ากัน, ปวดขามาก, ขยับไม่ได้","1. ประคองบริเวณที่หัก ช่วยผู้ป่วยประคองข้อด้านบนและด้านล่างบริเวณที่หัก ให้อยู่ในท่าที่สบายที่สุด
2. ใช้ผ้าห่อป้องกันบริเวณที่หัก  ใช้ผ้าเช็ดตัวหรือผ้าปูโต๊ะ ห่อบริเวณที่หักและพยุงให้อยู่ในท่าที่สบาย อย่าพยายามขยับส่วนที่หักโดยไม่จำเป็น อาจทำให้ได้รับบาดเจ็บเพิ่มขึ้นได้ ถ้าเป็นแผลเปิดให้ปิดแผลด้วยผ้าสะอาดไม่มีขุยและพันให้เรียบร้อย    3. พยุงส่วนที่บาดเจ็บไว้ ในกรณีที่การช่วยเหลือมาถึงล้าช้า หาไม้มาแล้วใช้ผ้าพันไม้ก่อนนำมาดามขา ควรนำส่งด้วยรถพยาบาลโดยการ โทรแจ้ง 1669แล้วคอยดูแลอาการช็อก เฝ้าติดตามอาการและบันทึกการหายใจ ชีพจร และระดับการตอบสนองของผู้ป่วย ห้ามให้ผู้ป่วยรับประทานอาหาร หรือดื่มเครื่องดื่มเพราะอาจต้องผ่าตัดฉุกเฉิน ห้ามยกขาสูงเมื่อต้องรักษาอาการช็อก",Hospital,critical
Leg Fracture (Lower),ขาท่อนล่างหัก,"หน้าแข้งหัก, กระดูกแทงออกมา, รถล้มขาหัก","1. ประคองบริเวณที่หัก ช่วยผู้ป่วยประคองข้อด้านบนและด้านล่างบริเวณที่หัก ให้อยู่ในท่าที่สบายที่สุด
2. ใช้ผ้าห่อป้องกันบริเวณที่หัก  ใช้ผ้าเช็ดตัวหรือผ้าปูโต๊ะ ห่อบริเวณที่หักและพยุงให้อยู่ในท่าที่สบาย อย่าพยายามขยับส่วนที่หักโดยไม่จำเป็น อาจทำให้ได้รับบาดเจ็บเพิ่มขึ้นได้ ถ้าเป็นแผลเปิดให้ปิดแผลด้วยผ้าสะอาดไม่มีขุยและพันให้เรียบร้อย    3. พยุงส่วนที่บาดเจ็บไว้ ในกรณีที่การช่วยเหลือมาถึงล้าช้า หาไม้มาแล้วใช้ผ้าพันไม้ก่อนนำมาดามขา ควรนำส่งด้วยรถพยาบาลโดยการ โทรแจ้ง 1669แล้วคอยดูแลอาการช็อก เฝ้าติดตามอาการและบันทึกการหายใจ ชีพจร และระดับการตอบสนองของผู้ป่วย ห้ามให้ผู้ป่วยรับประทานอาหาร หรือดื่มเครื่องดื่มเพราะอาจต้องผ่าตัดฉุกเฉิน ห้ามยกขาสูงเมื่อต้องรักษาอาการช็อก",Hospital,critical
Ankle Fracture,ข้อเท้าหัก,"ข้อเท้าผิดรูป, บิดผิดรูป, เดินไม่ได้, ลงน้ำหนักไม่ได้","เมื่อเกิดอุบัติเหตุบริเวณข้อเท้า ควรทำการปฐมพยาบาลอย่างถูกต้อง เพื่อไม่ให้อาการรุนแรงไปมากกว่าเดิม ก่อนที่จะเข้ารับการรักษาจากแพทย์ ซึ่งหลังจากเกิดอุบัติเหตุบริเวณข้อเท้าสามารถทำการปฐมพยาบาลได้ ดังนี้

1. เมื่อเกิดอาการบาดเจ็บบริเวณข้อเท้าให้หยุดการใช้งานในบริเวณที่บาดเจ็บ ไม่ลงน้ำหนักไปยังบริเวณขาข้างนั้นๆ 
2. หากพบว่าข้อเท้าหักหรือกระดูกข้อเท้าหัก ควรหาอุปกรณ์สำหรับดาม ไม่ว่าจะเป็น ไม้กระดานแบนๆ หรือกระดาษแข็ง โดยใช้ผ้าพันทั้งด้านข้าง และด้านล่าง เพื่อป้องกันไม่ให้บริเวณที่บาดเจ็บเคลื่อนที่
3. ระหว่างเดินทางไปรักษาที่โรงพยาบาล ควรระวังไม่ลงน้ำหนักข้างที่บาดเจ็บ และป้องกันไม่ให้บริเวณนั้นได้รับการกระทบกระเทือน รวมถึงไม่ควรเคลื่อนไหวด้วย
4. นอกจากนี้ ควรประคบเย็น และยกขาให้สูง เพื่อช่วยลดอาการปวดและบวม",Hospital,critical
Finger/Toe Fracture,นิ้วหัก/ซ้น,"นิ้วบวม, นิ้วงอ, นิ้วผิดรูป, ซ้น, กระแทก, ประตูนีบ","1. หยุดใช้งานส่วนที่บาดเจ็บทันที เพื่อป้องกันไม่ให้เจ็บเพิ่มขึ้น อาจพยุงด้วยการพันผ้ายืด ติดเทป หรือใส่อุปกรณ์ช่วยพยุงต่าง ๆ รวมถึงใช้เครื่องช่วยเดินต่าง ๆ เช่น ไม้ค้ำรักแร้ ไม้เท้า 
2. จุ่มมือข้างที่บาดเจ็บลงไปในอ่างแช่น้ำแข็ง เพื่อลดอาการอักเสบและบวม แต่ควรระวังไม่ให้แช่นานเกินไป เพราะอาจถูกทำลายจากความเย็นจัด
ผู้ที่มีอาการนิ้วซ้นรุนแรง หลังจากปฐมพยาบาลด้วยตัวเองแล้ว ควรรีบพบแพทย์เฉพาะทางทันที เพราะอาจมีการวินิจฉัยด้วยวิธีพิเศษต่าง ๆ เช่น การทำเอ็มอาร์ไอ การถ่ายภาพเอกซเรย์ 
หรือบางคนอาจต้องได้รับการรักษาจากแพทย์เฉพาะทาง เช่น ถ้าข้อต่อเคลื่อน ก็ต้องจัดข้อต่อให้เข้าที่และใส่เฝือก หรือใครที่เอ็นบาดเจ็บรุนแรง ก็อาจต้องรักษาด้วยการผ่าตัด  ",none,mild
Dislocated Shoulder,ไหล่หลุด,"ไหล่หลุด, ไหล่เบี้ยว, ขยับไม่ได้, ปวดไหล่มาก",ควรพึ่งการประคบเย็น โดยใช้น้ำแข็งผสมน้ำห่อผ้ามาประคบครั้งละ 5 – 10 นาที ทุก 1 – 2 ชั่วโมง,Hospital,mild
Sprain/Strain,ข้อเท้าแพลง,"ขาพลิก, ข้อเท้าบวม, เดินกะเผลก, แพลง, เจ็บข้อ, ประคบเย็น","1. นั่งพักเพื่อสังเกตอาการจากข้อเท้าแพลงว่ารุนแรงไหม
2. ประคบเย็นเพื่อลดบวมและช่วยให้เลือดออกน้อยลง โดยประคบเย็นประมาณ 15 นาที ทุก ๆ 2 ชั่วโมง ข้อห้ามคือไม่ควรประคบร้อนหรือนวดบริเวณที่เกิดการบาดเจ็บในระยะแรกเพราะจะทำให้บวมมากยิ่งขึ้น
3. ใช้ผ้าพันบริเวณที่บวมและพยายามไม่เคลื่อนไหวถ้าไม่จำเป็น เพราะจะทำให้ปวดในบริเวณที่ได้รับบาดเจ็บ
4. ยกปลายเท้าให้สูงขึ้น เพื่อลดบวมและลดความเจ็บปวด",Clinic,mild
Cramp,ตะคริว,"ตะคริว, เกร็ง, ปวดน่อง, ขยับไม่ได้, นิ้วล็อก","กล้ามเนื้อที่เป็นตะคริวจะหดเกร็ง ดังนั้นต้องค่อย ๆ ยืดกล้ามเนื้อออกให้มาอยู่ในความยาวปกติของกล้ามเนื้อนั้น ๆ และให้ยืดกล้ามเนื้อนั้น ๆ ให้ยาวขึ้นอยู่จนกระทั่งหายปวด อาจใช้เวลาประมาณ 1 – 2 นาทีแล้วลองปล่อยดูอาการว่ายังหดเกร็งอยู่หรือไม่ ถ้าเป็นอีกให้ทำซ้ำได้อีกจนหายเกร็ง
หากเป็นกล้ามเนื้อน่องเป็นตะคริวให้นั่งลงเหยียดเข่าข้างนั้นออกให้ตรง และให้คนข้าง ๆ ช่วยจับกระดูกข้อเท้าข้างนั้นให้ขึ้นจนสุดเท่าที่จะทำได้ ก็สามารถแก้อาการปวดจากตะคริวได้อย่างดีเยี่ยม หรือถ้าไม่มีใครอาจโน้มตัวไปแล้วดึงปลายเท้าเข้าหาลำตัวก็ได้",not emergency,no need
Snake Bite (Neurotoxic),งูระบบประสาท (เห่า/จงอาง),"งูเห่ากัด, งูจงอาง, หนังตาตก, หายใจไม่ออก, อ่อนแรง, งูแผ่แม่เบี้ย","1. ล้างแผลด้วยน้ำและสบู่ ไม่ควรใช้เหล้า ยาสีฟัน ขี้เถ้าทาแผล หรือสมุนไพรใดๆ
2. บีบเลือดออกจากแผลให้มากที่สุดเท่าที่จะทำได้ ไม่ควรใช้ปากดูดหรือเปิดปากแผลด้วยของมีคม
3. การรัด ควรรัดเหนือและใต้บาดแผลประมาณ 3 นิ้วมือ ไม่ควรรัดเหนือบาดแผลให้แน่นมาก เพราะจะทำให้อวัยวะส่วนปลายขาดเลือดและเน่าตาย ควรคลายความแน่นพอสอดนิ้วมือได้ 1 นิ้ว จุดประสงค์เพื่อให้อวัยวะนั้นอยู่นิ่ง ไม่ใช่เป็นการห้ามพิษเข้าสู่หัวใจตามที่คนส่วนใหญ่เข้าใจไม่ถูกต้อง
4. ใช้ผ้าสะอาดห้ามเลือดด้วยการกดแผลโดยตรง  ถ้าสามารถใช้แอลกอฮอล์หรือเบต้าดีนทาแผลได้ก็จะเป็นผลดีต่อการทำลายเชื้อโรคต่างๆ
5. พยายามเคลื่อนไหวร่างกายให้น้อยที่สุด เพราะหากเคลื่อนไหวมาก จะทำให้พิษของงูเข้าสู่กระแสเลือดเร็วขึ้น
6. วางอวัยวะส่วนนั้นให้ต่ำกว่าหรือระดับเดียวกับหัวใจ
7. รับประทานยาแก้ปวดหากรู้สึกปวด แต่ห้ามใช้ยาที่มีฤทธิ์แอลกอฮอล์ ยาระงับประสาท ยานอนหลับ  ยาดองเหล้า  เป็นต้น
8. รีบนำผู้ป่วยส่งสถานพยาบาลใกล้บ้าน ไม่จำเป็นต้องนำซากงูมาให้แพทย์ตรวจดูว่าเป็นงูประเภทใด เนื่องจากอาจจับได้ในบริเวณใกล้เคียงซึ่งไม่ใช่เป็นตัวที่กัด ปัจจุบันใช้การดูรอยกัดและลักษณะแผลเพื่อกำหนดการใช้เซรุ่มต้านพิษงูฉีดให้เหมาะสม
9. ให้ระลึกเสมอว่างูที่กัดทุกตัวเป็นงูมีพิษ  ",Hospital,critical
Snake Bite (Hemotoxic),งูระบบเลือด (เขียว/กะปะ),"งูเขียวหางไหม้, งูกะปะ, แผลบวม, เลือดไหลไม่หยุด, ช้ำเลือด","1. ล้างแผลด้วยน้ำและสบู่ ไม่ควรใช้เหล้า ยาสีฟัน ขี้เถ้าทาแผล หรือสมุนไพรใดๆ
2. บีบเลือดออกจากแผลให้มากที่สุดเท่าที่จะทำได้ ไม่ควรใช้ปากดูดหรือเปิดปากแผลด้วยของมีคม
3. การรัด ควรรัดเหนือและใต้บาดแผลประมาณ 3 นิ้วมือ ไม่ควรรัดเหนือบาดแผลให้แน่นมาก เพราะจะทำให้อวัยวะส่วนปลายขาดเลือดและเน่าตาย ควรคลายความแน่นพอสอดนิ้วมือได้ 1 นิ้ว จุดประสงค์เพื่อให้อวัยวะนั้นอยู่นิ่ง ไม่ใช่เป็นการห้ามพิษเข้าสู่หัวใจตามที่คนส่วนใหญ่เข้าใจไม่ถูกต้อง
4. ใช้ผ้าสะอาดห้ามเลือดด้วยการกดแผลโดยตรง  ถ้าสามารถใช้แอลกอฮอล์หรือเบต้าดีนทาแผลได้ก็จะเป็นผลดีต่อการทำลายเชื้อโรคต่างๆ
5. พยายามเคลื่อนไหวร่างกายให้น้อยที่สุด เพราะหากเคลื่อนไหวมาก จะทำให้พิษของงูเข้าสู่กระแสเลือดเร็วขึ้น
6. วางอวัยวะส่วนนั้นให้ต่ำกว่าหรือระดับเดียวกับหัวใจ
7. รับประทานยาแก้ปวดหากรู้สึกปวด แต่ห้ามใช้ยาที่มีฤทธิ์แอลกอฮอล์ ยาระงับประสาท ยานอนหลับ  ยาดองเหล้า  เป็นต้น
8. รีบนำผู้ป่วยส่งสถานพยาบาลใกล้บ้าน ไม่จำเป็นต้องนำซากงูมาให้แพทย์ตรวจดูว่าเป็นงูประเภทใด เนื่องจากอาจจับได้ในบริเวณใกล้เคียงซึ่งไม่ใช่เป็นตัวที่กัด ปัจจุบันใช้การดูรอยกัดและลักษณะแผลเพื่อกำหนดการใช้เซรุ่มต้านพิษงูฉีดให้เหมาะสม
9. ให้ระลึกเสมอว่างูที่กัดทุกตัวเป็นงูมีพิษ  ",Hospital,critical
Snake Bite (Unknown),งูกัด (ไม่ทราบชนิด),"งูฉก, เขี้ยวเจาะ, งูพิษ, แผลบวม, รัดแขนไหม, เซรุ่ม","1. ล้างแผลด้วยน้ำและสบู่ ไม่ควรใช้เหล้า ยาสีฟัน ขี้เถ้าทาแผล หรือสมุนไพรใดๆ
2. บีบเลือดออกจากแผลให้มากที่สุดเท่าที่จะทำได้ ไม่ควรใช้ปากดูดหรือเปิดปากแผลด้วยของมีคม
3. การรัด ควรรัดเหนือและใต้บาดแผลประมาณ 3 นิ้วมือ ไม่ควรรัดเหนือบาดแผลให้แน่นมาก เพราะจะทำให้อวัยวะส่วนปลายขาดเลือดและเน่าตาย ควรคลายความแน่นพอสอดนิ้วมือได้ 1 นิ้ว จุดประสงค์เพื่อให้อวัยวะนั้นอยู่นิ่ง ไม่ใช่เป็นการห้ามพิษเข้าสู่หัวใจตามที่คนส่วนใหญ่เข้าใจไม่ถูกต้อง
4. ใช้ผ้าสะอาดห้ามเลือดด้วยการกดแผลโดยตรง  ถ้าสามารถใช้แอลกอฮอล์หรือเบต้าดีนทาแผลได้ก็จะเป็นผลดีต่อการทำลายเชื้อโรคต่างๆ
5. พยายามเคลื่อนไหวร่างกายให้น้อยที่สุด เพราะหากเคลื่อนไหวมาก จะทำให้พิษของงูเข้าสู่กระแสเลือดเร็วขึ้น
6. วางอวัยวะส่วนนั้นให้ต่ำกว่าหรือระดับเดียวกับหัวใจ
7. รับประทานยาแก้ปวดหากรู้สึกปวด แต่ห้ามใช้ยาที่มีฤทธิ์แอลกอฮอล์ ยาระงับประสาท ยานอนหลับ  ยาดองเหล้า  เป็นต้น
8. รีบนำผู้ป่วยส่งสถานพยาบาลใกล้บ้าน ไม่จำเป็นต้องนำซากงูมาให้แพทย์ตรวจดูว่าเป็นงูประเภทใด เนื่องจากอาจจับได้ในบริเวณใกล้เคียงซึ่งไม่ใช่เป็นตัวที่กัด ปัจจุบันใช้การดูรอยกัดและลักษณะแผลเพื่อกำหนดการใช้เซรุ่มต้านพิษงูฉีดให้เหมาะสม
9. ให้ระลึกเสมอว่างูที่กัดทุกตัวเป็นงูมีพิษ  ",Hospital,critical
Dog Bite,สุนัขกัด (มีแผล),"หมากัด, แผลเหวอะ, เขี้ยวหมา, พิษสุนัขบ้า, ฉีดยา, เนื้อหลุด","1. รีบล้างบาดแผลด้วยน้ำสบู่โดยฟอกหลายๆ ครั้ง พยายามล้างให้เข้าถึงรอยลึกของแผล อย่างน้อย 15 นาที ล้างสบู่ออกให้หมด ระวังอย่าให้บาดแผลช้ำ ห้ามทาครีมใดๆ
2. ทำความสะอาดบาดแผลด้วยน้ำยาฆ่าเชื้อ เช่น 70% แอลกอฮอล์ โพวิดีน-ไอโอดีน
3. ฉีดวัคซีนและอิมมูโนโกลบุลิน (rabies vaccine และ RIG) โดยเร็วที่สุด
4. ควรกักขังและเฝ้าดูอาการของสุนัขอย่างน้อย 10 วัน หากสุนัขตายต้องรีบไปพบแพทย์อีกครั้ง",Hospital,critical
,สุนัขกัด (ไม่มีแผล),"โดนน้ำลายหมา, หมากัด","1. ให้ล้างบริเวณที่สัมผัสน้ำลายหรือเลือดของสุนัขให้สะอาด
2. ไม่ต้องฉีดวัคซีน และให้สังเกตอาการของสุนัขอย่างน้อย 10 วัน ถ้าสุนัขมีอาการเปลี่ยนแปลงและสงสัยว่าเป็นโรคพิษสุนัขบ้า ให้รีบไปพบแพทย์เพื่อฉีดวัคซีน",Hospital,critical
,สุนัขกัด (ถลอก),"แผลถลอก, หมากัด","1. ให้ล้างบาดแผลด้วยน้ำและสบู่โดยฟอกหลายๆ ครั้ง ล้างสบู่ออกให้หมด และรักษาบาดแผล
2. ฉีดวัคซีนป้องกันโรคพิษสุนัขบ้า (rabies vaccine)",Hospital,critical
Cat Bite/Scratch,แมวกัด/ข่วน,"แมวข่วน, เขี้ยวแมว, แผลลึก, แมวกัด, ติดเชื้อ","1. ใช้น้ำสบู่ล้างแผลให้สะอาดและทั่วถึง ล้างด้วยน้ำไหลแรง ๆ เพื่อชะล้างสิ่งสกปรกออกไป เช็ดแผลให้แห้งด้วยผ้าสะอาด
2. ทายาฆ่าเชื้อ เช่น โพวิโดนไอโอดีน หรือแอลกอฮอล์บริเวณรอบๆ แผล หลีกเลี่ยงการทายาฆ่าเชื้อลงบนแผลเปิดโดยตรง
3. ปิดแผลด้วยผ้าก๊อซสะอาดและยึดด้วยเทปพันแผล เปลี่ยนผ้าพันแผลทุกวัน หรือเมื่อเปื้อน
4. สังเกตอาการบวม แดง ร้อน ปวด หรือมีหนองบริเวณแผล หากอาการรุนแรงขึ้น ควรรีบไปพบแพทย์
5. หาก แผลลึก มีเลือดออกมาก หรือมีสิ่งแปลกปลอมติดอยู่ในแผล แผลติดเชื้อ หรือแมวที่ข่วนไม่มีประวัติการฉีดวัคซีนป้องกันโรคพิษสุนัขบ้า หรือคุณมีภูมิคุ้มกันต่ำ เช่น ผู้สูงอายุ ผู้ป่วยเบาหวาน หรือผู้ที่ใช้ยาที่มีผลต่อระบบภูมิคุ้มกัน ควรพบแพทย์",Hospital,critical
Monkey Bite,ลิงกัด,"ลิงกัด, แย่งของ, สัตว์ป่ากัด, แผลติดเชื้อ","1. อย่าปล่อยให้แผลสกปรกการปล่อยให้แผลสกปรกจะเพิ่มความเสี่ยงในการติดเชื้อ
2. อย่าเกาหรือแกะแผลการเกาหรือแกะแผลอาจทำให้แผลลุกลามและติดเชื้อได้ง่ายขึ้น
3. อย่าละเลยการไปพบแพทย์แม้ว่าแผลจะดูเล็กน้อยก็ตาม การไปพบแพทย์เป็นสิ่งสำคัญเพื่อป้องกันภาวะแทรกซ้อนที่อาจเกิดขึ้น",Hospital,critical
Bee/Wasp Sting,ผึ้ง/ต่อต่อย,"ผึ้งต่อย, ต่อต่อย, บวมเป่ง, แพ้แมลง, เหล็กใน","    1. หากเหล็กในอยู่ในตำแหน่งที่มองเห็นได้ชัด ผู้ป่วยควรพยายามบีบผิวโดยรอบเพื่อดันเหล็กในออกมาให้เร็วที่สุด
    2. ล้างทำความสะอาดผิวบริเวณที่ถูกผึ้งต่อยด้วยสบู่และน้ำสะอาด
    3. ใช้น้ำแข็งหรือผ้าเย็นวางประคบบริเวณที่ถูกผึ้งต่อย
    4. หากถูกผึ้งต่อยบริเวณแขนหรือขา ให้ยกแขนหรือขาขึ้น หรือวางแขนขาไว้บนระดับที่สูงกว่าปกติ
    5. หากสวมใส่เครื่องประดับอยู่ ให้ถอดเครื่องประดับออก เพราะอาจเกิดอาการบวมจนยากต่อการถอดเครื่องประดับในภายหลัง
    6. ไม่เกาบริเวณที่ถูกผึ้งต่อย เพราะจะยิ่งทำให้อาการแย่ลง และเพิ่มความเสี่ยงในการติดเชื้อ
    7. บรรเทาอาการปวดด้วยการรับประทานยาแก้ปวดที่หาซื้อได้ตามร้านขายยา เช่น พาราเซตามอล ไอบูโพรเฟน แอสไพริน ( ห้ามใช้แอสไพรินในผู้ป่วยที่มีอายุต่ำกว่า 19 ปี เด็ดขาด )
    8. ทายาไฮโดรคอร์ติโซน ( Hydrocortisone ) คาลาไมน์ ( Calamine ) ผสมเบกกิ้งโซดากับน้ำเปล่า หรือรับประทานยาต้านฮิสตามีน (Antihistamine) เช่น ไดเฟนไฮดรามีน ( Diphenhydramine ) หรือ คลอร์เฟนิรามีน ( Chlorpheniramine ) เพื่อรักษาอาการที่เกิดบนผิวหนัง ลดอาการบวมแดงและอาการคัน
    9. ผู้ที่มีอาการรุนแรง ควรไปพบแพทย์เพื่อตรวจรักษาทันที",Clinic,mild
Bee/Wasp Sting,ผึ้ง/ต่อต่อย (ผู้แพ้เหล้กรุนแรง),"ผึ้งต่อย, ต่อต่อย, บวมเป่ง, แพ้แมลง, หายใจไม่ออก, เหล็กใน","    1. หากเหล็กในอยู่ในตำแหน่งที่มองเห็นได้ชัด ผู้ป่วยควรพยายามบีบผิวโดยรอบเพื่อดันเหล็กในออกมาให้เร็วที่สุด
    2. ล้างทำความสะอาดผิวบริเวณที่ถูกผึ้งต่อยด้วยสบู่และน้ำสะอาด
    3. ใช้น้ำแข็งหรือผ้าเย็นวางประคบบริเวณที่ถูกผึ้งต่อย
    4. หากถูกผึ้งต่อยบริเวณแขนหรือขา ให้ยกแขนหรือขาขึ้น หรือวางแขนขาไว้บนระดับที่สูงกว่าปกติ
    5. หากสวมใส่เครื่องประดับอยู่ ให้ถอดเครื่องประดับออก เพราะอาจเกิดอาการบวมจนยากต่อการถอดเครื่องประดับในภายหลัง
    6. ไม่เกาบริเวณที่ถูกผึ้งต่อย เพราะจะยิ่งทำให้อาการแย่ลง และเพิ่มความเสี่ยงในการติดเชื้อ
    7. บรรเทาอาการปวดด้วยการรับประทานยาแก้ปวดที่หาซื้อได้ตามร้านขายยา เช่น พาราเซตามอล ไอบูโพรเฟน แอสไพริน ( ห้ามใช้แอสไพรินในผู้ป่วยที่มีอายุต่ำกว่า 19 ปี เด็ดขาด )
    8. ทายาไฮโดรคอร์ติโซน ( Hydrocortisone ) คาลาไมน์ ( Calamine ) ผสมเบกกิ้งโซดากับน้ำเปล่า หรือรับประทานยาต้านฮิสตามีน (Antihistamine) เช่น ไดเฟนไฮดรามีน ( Diphenhydramine ) หรือ คลอร์เฟนิรามีน ( Chlorpheniramine ) เพื่อรักษาอาการที่เกิดบนผิวหนัง ลดอาการบวมแดงและอาการคัน
    9. ผู้ที่มีอาการรุนแรง ควรไปพบแพทย์เพื่อตรวจรักษาทันที",Hospital,critical
Hornet Sting,แตนต่อย,"แตนต่อย, รุมต่อย, ปวดบวม, แพ้พิษ","1. หากเหล็กในอยู่ในตำแหน่งที่มองเห็นได้ชัด ผู้ป่วยควรพยายามบีบผิวโดยรอบเพื่อดันเหล็กในออกมาให้เร็วที่สุด
    2. ล้างทำความสะอาดผิวบริเวณที่ถูกผึ้งต่อยด้วยสบู่และน้ำสะอาด
    3. ใช้น้ำแข็งหรือผ้าเย็นวางประคบบริเวณที่ถูกผึ้งต่อย
    4. หากถูกผึ้งต่อยบริเวณแขนหรือขา ให้ยกแขนหรือขาขึ้น หรือวางแขนขาไว้บนระดับที่สูงกว่าปกติ
    5. หากสวมใส่เครื่องประดับอยู่ ให้ถอดเครื่องประดับออก เพราะอาจเกิดอาการบวมจนยากต่อการถอดเครื่องประดับในภายหลัง
    6. ไม่เกาบริเวณที่ถูกผึ้งต่อย เพราะจะยิ่งทำให้อาการแย่ลง และเพิ่มความเสี่ยงในการติดเชื้อ
    7. บรรเทาอาการปวดด้วยการรับประทานยาแก้ปวดที่หาซื้อได้ตามร้านขายยา เช่น พาราเซตามอล ไอบูโพรเฟน แอสไพริน ( ห้ามใช้แอสไพรินในผู้ป่วยที่มีอายุต่ำกว่า 19 ปี เด็ดขาด )
    8. ทายาไฮโดรคอร์ติโซน ( Hydrocortisone ) คาลาไมน์ ( Calamine ) ผสมเบกกิ้งโซดากับน้ำเปล่า หรือรับประทานยาต้านฮิสตามีน (Antihistamine) เช่น ไดเฟนไฮดรามีน ( Diphenhydramine ) หรือ คลอร์เฟนิรามีน ( Chlorpheniramine ) เพื่อรักษาอาการที่เกิดบนผิวหนัง ลดอาการบวมแดงและอาการคัน
    9. ผู้ที่มีอาการรุนแรง ควรไปพบแพทย์เพื่อตรวจรักษาทันที",Clinic,mild
Scorpion Sting,แมงป่องต่อย,"ปวดมาก, บวมแดง, สัตว์มีพิษกัด, แสบ, หางต่อย","1. ทำความสะอาดบริเวณที่ถูกกัดด้วยน้ำสะอาด
2. สามารถประคบเย็นครั้งละประมาณ 10 นาที เพื่อลดอาการบวมเฉพาะที่
3. ถ้ามีอาการปวดสามารถกินยาพาราเซตามอลเพื่อแก้ปวด",Clinic,mild
Centipede Bite,ตะขาบกัด,"ตะขาบกัด, บวมแดง, ปวดตุบๆ, เขี้ยวตะขาบ","1. ทำความสะอาดบริเวณที่ถูกกัดด้วยน้ำสะอาด
2. สามารถประคบน้ำเย็นครั้งละประมาณ 10 นาทีเพื่อลดอาการปวด
3. หลีกเลี่ยงการเกา แกะ บริเวณที่ถูกกัด เพื่อลดความเสี่ยงต่อการติดเชื้อซ้ำซ้อน
4. ถ้ามีอาการปวดสามารถกินยาพาราเซตามอลเพื่อแก้ปวดได้
5. ควรไปพบแพทย์หากสังเกตเห็นอาการใดๆ ที่แย่ลงหรือเริ่มรู้สึกว่าผิวหนังบริเวณนั้นเกิดการติดเชื้อ ได้แก่ มีรอยแดง การบวม หรืออาการเจ็บปวดเพิ่มขึ้น มีแผลพุพองหรือน้ำเหลืองบนบริเวณที่เกิดแผล
6. ในรายที่มีอาการแพ้รุนแรงเช่น บวมบริเวณใบหน้า หายใจลำบาก แน่นหน้าอก หน้ามืดเวียนศีรษะ คลื่นไส้อาเจียน ช็อคหมดสติ รีบพาผู้ป่วยไปโรงพยาบาลที่ใกล้ที่สุดทันที",none,mild
Jellyfish (Box),แมงกะพรุนกล่อง,"สายๆ, แสบมาก, ไหม้, หมดสติ, ทะเล, น้ำส้มสายชู","1. นำผู้บาดเจ็บขึ้นจากน้ำ และต้องคำนึงว่าผู้ช่วยเหลือจะต้องปลอดภัยจากแมงกะพรุน
2. ตัดเสื้อผ้าออก เพื่อลดบริเวณที่สัมผัสพิษ
3. เรียกให้คนช่วยและเรียกรถพยาบาล
4. ถ้าผู้บาดเจ็บหมดสติ ไม่หายใจ หรือไม่มีชีพจร ให้ทำการช่วยฟื้นคืนชีพตามหลัก CPR ทันที
5. แนะนำให้ผู้บาดเจ็บอยู่นิ่งๆ ระวังและป้องกันไม่ให้ผู้อื่นสัมผัส หรือขัดถูบริเวณที่สัมผัสสายหนวดแมงกะพรุน
6. บริเวณที่สัมผัสถูกแมงกะพรุนให้ราดด้วยน้ำส้มสายชูที่ใช้กันตามครัวเรือน (ความเข้มข้น ร้อยละ 4-6) ต่อเนื่องอย่างน้อย 30 วินาที ซึ่งน้ำส้มสายชูจะหยุดยั้งไม่ให้กะเปาะพิษยิงเข็มพิษจึงไม่ได้ลดอาการปวด แต่ป้องกันไม่ให้ผู้บาดเจ็บได้รับพิษเพิ่มขึ้น ในกรณีที่ไม่มีน้ำส้มสายชูในบริเวณนั้น หากไม่มีน้ำส้มสายชูให้ใช้น้ำทะเลแทน แต่ประสิทธิภาพจะไม่ดีเท่ากับน้ำส้มสายชู
7. ไม่ควรใช้น้ำเปล่า น้ำอัดลม น้ำรสเปรี้ยว หรือน้ำปัสสาวะ เนื่องจากจะกระตุ้นพิษมากขึ้น
8. ให้ใช้อุปกรณ์คีบเอาหนวดแมงกะพรุนและเยื่อเมือกที่ติดตามตัวผู้บาดเจ็บออกภายหลังจากราดด้วยน้ำส้มสายชูแล้ว โดยไม่ใช้มือสัมผัสโดยตรง
9. ใช้น้ำแข็งประคบบริเวณที่ได้รับบาดเจ็บ เพื่อบรรเทาอาการเจ็บปวดเบื้องต้น
10. หากสัมผัสถูกตา ให้ล้างตาด้วยน้ำเกลืออย่างต่อเนื่อง 15-30 นาที และหากมีอาการปวดตาสู้แสงไม่ได้หรือมองเห็นภาพไม่ชัด ควรรีบไปพบแพทย์",Clinic,mild
Jellyfish (Common),แมงกะพรุนทั่วไป,"คัน, ผื่นแดง, แสบๆ คันๆ, โดนแมงกะพรุน","1. เมื่อสัมผัสพิษแมงกะพรุนให้ขึ้นจากน้ำทันที เพราะอาจมีอาการแพ้รุนแรงตามมาจนอาจทำให้จมน้ำได้
2. ใช้น้ำส้มสายชูราดบริเวณแผล ถ้ามีไม่มีให้ล้างด้วยน้ำทะเลไม่ควรล้างโดยน้ำเปล่าหรือของเหลวชนิดอื่น
3. ห้ามถูหรือสัมผัสบริเวณแผลด้วยมือเปล่าเพราะยังอาจมีเข็มพิษติดค้างอยู่
4. หากไม่มีอาการหรืออาการไม่รุนแรง ควรสังเกตอาการอย่างน้อย 1 ชั่วโมง เพราะอาจมีอาการแพ้ตามมาภายหลังได้
5. หากมีอาการแพ้รุนแรง เช่น อาการหอบ หรือหายใจไม่ออก ควรเรียกรถพยาบาล โทร. 1669 เพื่อไปโรงพยาบาลให้เร็วที่สุด
6. หากผู้ถูกพิษหมดสติหรือหัวใจหยุดเต้น ควรกู้ชีวิตโดยการกดหน้าอก และช่วยหายใจทันที",Clinic,mild
Sea Urchin,หอยเม่นตำ,"หนามตำ, ดำๆ ตำเท้า, ทะเล, บ่งหนาม","1. ตรวจสอบเบื้องต้นว่าหนามนั้นทิ่มลงไปลึกหรือไม่? หากยังคงสามารถมองเห็นตอของหนามได้ ไม่ได้ลึกจนเกินไป ก็สามารถหาอุปกรณ์คีบออกได้เลย พร้อมทำความสะอาดแผลด้วยน้ำส้มสายชู หรือน้ำมะนาวเพื่อสลายพิษ
2. หากหนามมีการตำที่ลึกจนไม่สามารถคีบออกได้ ควรทุบหนามของหอยเม่นให้แตก แต่ระมัดระวังอย่าให้แตกละเอียดจนเกินไป โดยเฉพาะบริเวณผิวหนังที่เต็มไปด้วยเส้นประสาทหรือเส้นเลือด เพราะพิษอาจเข้าไปทำลายเส้นประสาทหรือเส้นเลือดได้ 
จากนั้นล้างแผลด้วยน้ำมะนาวหรือน้ำส้มสายชู ที่มีฤทธิ์เป็นกรดอ่อนๆ สามารถช่วนสลายพิษและอาการปวดแสบ ปวดร้อนได้ หลังจากนั้นแนะนำให้แช่บริเวณที่โดนหนามตำด้วยน้ำอุ่นหรือประคบร้อนเป็นเวลา 10 - 15 นาที / ครั้ง ทำซ้ำไปจนเริ่มรู้สึกดึขึ้น และอย่าลืมรีบไปพบแพทย์ เพื่อทำการตรวจรักษาอีกครั้ง",Hospital,mild
Heat Stroke,โรคลมแดด,"ตัวร้อนจัด, ไม่มีเหงื่อ, เพ้อ, ชัก, แดดร้อน, heat stroke","1. พาเข้าที่ร่มหรือห้องแอร์ ทันที
2. ถอดเสื้อผ้าชั้นนอก และช่วยระบายอากาศ
3. ใช้น้ำเย็นเช็ดตัว หรือพัดลมช่วยลดอุณหภูมิ
4. ดื่มน้ำเปล่า หลีกเลี่ยงน้ำหวานหรือเครื่องดื่มที่มีแอลกอฮอล์
5. หากเจอผู้ป่วยที่หมดสติและไม่หายใจ โทร. 1669 หน่วยบริการการแพทย์ฉุกเฉิน เพื่อเข้ารักษาผู้ป่วยอย่างรวดเร็ว และทำการ CPR ผู้ป่วย ณ บริเวณนั้น",Hospital,critical
Heat Exhaustion,เพลียแดด,"หน้ามืด, เหงื่อออกเยอะ, ตัวเย็น, จะเป็นลม, ตากแดดนาน","1. รีบนำผู้ป่วยออกจากบริเวณที่อากาศร้อน  นำเข้าที่ร่ม หรือห้องแอร์  ถ้าไม่มีแอร์ ให้เปิดพัดลมและหน้าต่างให้อากาศถ่ายเท
2. ถ้าผู้ป่วยยังไม่หมดสติ  ให้ผู้ป่วยดื่มน้ำเย็น  แต่ไม่ต้องให้ยาลดไข้แอสไพรินหรือพาราเซตตามอล
3. พ่นละอองน้ำบนตัวผู้ป่วย และใช้พัดหรือพัดลมเป่า หรืออาจใช้ผ้าชุบน้ำเย็นเช็ดตัวผู้ป่วย
4. ถ้าผู้ป่วยชักเกร็ง ให้เอาสิ่งกีดขวางรอบตัวผู้ป่วยที่อาจทำให้ผู้ป่วยเกิดอันตรายได้ออก
5. ถ้าผู้ป่วยหมดสติและอาเจียน  ให้จับศีรษะผู้ป่วยหันไปด้านข้าง เพื่อลดโอกาสการสำลัก",none,no need
Hypothermia,ภาวะตัวเย็นเกิน,"ตัวเย็น, สั่น, ตกน้ำเย็น, หนาวสั่น, ปากซีด, ปากม่วง","1. ค่อยๆ พาผู้ป่วยออกจากที่เย็น หากไม่สามารถเข้าไปในอาคารได้ ให้ปกป้องผู้ป่วยจากลม โดยเฉพาะบริเวณคอและศีรษะ ป้องกันผู้ป่วยจากความเย็นของพื้น เช่น การวางผ้าห่มไว้ใต้ตัวผู้ป่วย
2. ถอดเสื้อผ้าที่เปียกออกอย่างเบามือ แล้วสวมเสื้อโค้ทหรือผ้าห่มที่อบอุ่นและแห้งแทน
3. หากต้องการเพิ่มความอบอุ่น ให้ทำอย่างค่อยเป็นค่อยไปและเน้นที่บริเวณกลางลำตัว ตัวอย่างเช่น ประคบอุ่นแห้งที่คอ หน้าอก และขาหนีบ ศูนย์ควบคุมและป้องกันโรค (CDC) ระบุว่าอีกทางเลือกหนึ่งคือการใช้ผ้าห่มไฟฟ้า หากมี หากใช้ถุงน้ำร้อนหรือแผ่นประคบร้อนแบบเคมี ให้ห่อด้วยผ้าขนหนูก่อนนำไปใช้
4. เสนอเครื่องดื่มอุ่นๆ หวานๆ ที่ไม่มีแอลกอฮอล์ให้แก่บุคคลนั้น
5. เริ่มทำการช่วยชีวิตด้วยการปั๊มหัวใจหากผู้ป่วยไม่มีสัญญาณชีพ เช่น หายใจ ไอ หรือขยับตัว",Clinic,mild
Electric Shock (Low),ไฟดูด (ไฟบ้าน),"ไฟดูด, สายไฟรั่ว, มือติดสายไฟ, ตัดไฟ, ปลั๊กดูด","1. ตัดวงจรไฟฟ้า
2. เคลื่อนย้ายผู้ป่วยจากบริเวณที่ถูกไฟดูด
3. ห่อหุ้มบริเวณที่ถูกไฟดูดด้วยผ้าแห้ง
4. หากมีสายไฟพาดตัวผู้ป่วยควรหาวัสดุที่ไม่นำกระแสไฟฟ้า เช่นไม้ เขี่ยสายไฟออก
5. ตรวจเช็กชีพจร หากชีพจรหยุดเต้นต้องทำการ CPR
6. ติดต่อสายด่วน 1669 เพื่อนำผู้ป่วย",Hospital,critical
Electric Shock (High),ไฟช็อต (แรงสูง),"สายไฟฟ้าแรงสูง, ระเบิด, ตัวไหม้, กระเด็น, ไฟช็อต","1. ผู้ที่จะเข้าช่วยเหลือต้องสำรวจตัวเองจนแน่ใจว่าปลอดภัย เช่น สวมใส่อุปกรณ์ป้องกันกระแสไฟฟ้าเรียบร้อยแล้ว
2. ตัดกระแสไฟฟ้าจากแหล่งกำเนิดเพื่อลดความรุนแรงกระแสไฟฟ้า และไม่ให้สัมผัสกระแสไฟฟ้านานเกินไป
3. หากเรียกผู้ถูกไฟฟ้าช็อตหรือบาดเจ็บจากไฟฟ้าไม่ตื่น หรือคลำชีพจรไม่ได้ ทำการกู้ชีพ ขั้นตอนนี้สำคัญที่สุดและช่วยชีวิตได้มากที่สุด
4. ปฐมพยาบาลจุดที่ไหม้ โดยใช้ผ้าสะอาดชุบน้ำแล้วพันไว้ และหากมีกระดูกหักข้อเคลื่อนให้ยึดตรึงข้อไว้ชั่วคราวด้วยเฝือกอ่อน
5. รีบนำผู้ถูกไฟฟ้าช็อตหรือบาดเจ็บจากไฟฟ้าส่งโรงพยาบาลให้เร็วที่สุด
6. ในกรณีบาดเจ็บเล็กน้อยและคลื่นไฟฟ้าหัวใจปรกติ สามารถติดตามอาการที่บ้านได้อย่างปลอดภัย",Hospital,critical
Lightning Strike,ฟ้าผ่า,"โดนฟ้าผ่า, หมดสติ, รอยไหม้, ฝนตกฟ้าผ่า","1. รีบโทรแจ้งสายด่วน 1669
2. สังเกตว่าบริเวณที่เกิดเหตุยังมีความเสี่ยงต่อการถูกฟ้าผ่าหรือไม่ ถ้ามี ต้องเคลื่อนย้ายคนถูกฟ้าผ่าไปยังพื้นที่ปลอดภัย เพื่อป้องกันทั้งผู้ป่วยและผู้ช่วยเหลือจากการถูกฟ้าผ่าซ้ำ
3. สามารถจับตัวผู้ถูกฟ้าผ่าได้ เนื่องจากคนที่ถูกฟ้าผ่าไม่มีกระแสไฟฟ้าหลงเหลืออยู่ในตัวต่างจากกรณีการถูกไฟฟ้าดูด
4. หากคนถูกฟ้าผ่า หมดสติ ไม่หายใจ ( ทรวงอกเคลื่อนไหวน้อยหรือไม่เคลื่อนไหว )
5. ให้ปฐมพยาบาลด้วยการCPR ทันทีระหว่างรอทีมช่วยเหลือทางการแพทย์",Hospital,critical
Smoke Inhalation,สำลักควันไฟ,"ไฟไหม้, หายใจไม่ออก, แสบจมูก, เสียงแหบ, หนีไฟ","1. นำผ้าชุบน้ำมาปิดบริเวณปากและจมูก เพื่อป้องกันควันไฟลอยเข้าระบบทางเดินหายใจ
2. พยายามนั่งหลังตรง เพื่อป้องกันการสำลักสารคัดหลั่งที่เกิดจากควันไฟ
3. หากหายใจติดขัด หายใจลำบาก หรือไอ-จามมาก ให้รีบขอความช่วยเหลือโดยด่วน หากสามารถปฐมพยาบาลอาการสำลักควันในผู้ประสบเหตุเพลิงไหม้ได้รวดเร็วและถูกต้อง ก็จะช่วยลดอาการรุนแรงในอนาคตได้
4, ไม่ควรใช้น้ำล้างจมูกผู้ป่วย เพราะแพทย์จะประเมินปริมาณเขม่าควันที่ร่างกายผู้ป่วยรับเข้าไปได้ยาก และอาจวินิจฉัยอาการไม่ทัน ที่สำคัญวิธีนี้ก็ไม่ได้ช่วยให้ความระคายเคืองหรือการผลิตสารคัดหลั่งของร่างกายลดน้อยลงเลย
5. ไม่ควรให้ผู้ป่วยดื่มน้ำเย็นเพื่อลดความร้อนในร่างกาย เพราะไม่ได้ช่วยเท่าไร และผู้ป่วยอาจสำลักน้ำได้
6. หากผู้ป่วยหมดสติ ให้รีบ CPR โดยด่วน หรือโทร. 1669",Hospital,critical
Heart Attack,หัวใจวาย/ขาดเลือด,"เจ็บหน้าอก, แน่นหน้าอก, ปวดร้าวลงแขน, เหงื่อแตก, จุกแน่นลิ้นปี่","1. หากพบว่ามีผู้ป่วยหัวใจวาย หรือมีอาการเข่าข่ายภาวะหัวใจวาย ให้ติดต่อขอความช่วยเหลือจากผู้ที่อยู่ในบริเวณนั้น หรือติดต่อ 1669 หรือโรงพยาบาล หรือทีมกู้ภัยใกล้เคียงทันที
2.ในกรณีที่ผู้ป่วยยังมีสติ ให้สังเกตอาการของผู้ป่วยว่าสามารถหายใจเองได้หรือไม่ ชีพจรเต้นแรงหรือเปล่า หากว่าผู้ป่วยยังหายใจได้ จัดท่าผู้ป่วยในท่านั่ง หรือนอนราบกับพื้นในท่าที่สบายที่สุด ปลดเสื้อผ้าให้คลายออกเพื่อให้หายใจได้สะดวก เพื่อรอรถพยาบาลมารับ
3. ในกรณีผู้ป่วยหมดสติ ให้ประเมินความปลอดภัยของสถานที่เกิดเหตุก่อนเป็นอันดับแรก โดยตรวจดูบริเวณรอบๆ ก่อนเข้าไปช่วยเหลือ พร้อมกับให้ตรวจการรู้สึกตัว การหายใจ และปลุกเรียกผู้ป่วยด้วยการตบไหล่ทั้งสองข้างและเรียกเสียงดังๆ หากไม่รู้สึกตัวและไม่หายใจ หรือหายใจผิดปกติที่เรียกว่า หายใจเฮือก ให้รีบขอความช่วยเหลือและทำการ CPR ทันที
4. จัดท่าผู้ป่วยให้นอนราบกับพื้นแข็ง โดยให้คุกเข่าบริเวณข้างลำตัวผู้ป่วยในระดับไหล่ จัดท่าผู้ป่วยนอนหงายเพื่อเปิดทางเดินหายใจโดยการ ดันหน้าผาก - ดึงคางขึ้น และตรวจสอบการหายใจโดยการเอียงหูฟังแนบที่จมูกผู้ป่วย จากนั้นให้เริ่มช่วยฟื้นคืนชีพ (CPR) ด้วยการกดหน้าอก โดยวางสันมือข้างที่ถนัดบริเวณกึ่งกลางกระดูกหน้าอกระดับเต้านม และวางมืออีกข้างทับประสานกันไว้ เริ่มการกดหน้าอกด้วยความลึกอย่างน้อย 5 เซนติเมตร โดยให้แขนเหยียดตรง ไม่งอแขน ในอัตราความเร็ว 100 - 120 ครั้งต่อนาที และทำไปเรื่อยๆ จนกว่าผู้ป่วยจะรู้ตัว หรือจนกว่าความช่วยเหลือจะมาถึง
5. หากมีเครื่องกระตุกหัวใจไฟฟ้าชนิดอัตโนมัติ (Automated External Defibrillators: AED) สามารถนำมาใช้ช่วยชีวิตผู้ป่วยได้",Hospital,critical
Stroke (Face/Arm/Speech),โรคหลอดเลือดสมอง,"ปากเบี้ยว, พูดไม่ชัด, แขนขาอ่อนแรง, หน้าชา, stroke, อัมพาต","1. ระบุช่วงเวลาที่เริ่มมีอาการหรือสัญญาณต่างๆ หรือช่วงเวลาสุดท้ายที่ทราบว่าบุคคลนั้นมีสุขภาพดี
2. หากผู้ป่วยมีปฏิกิริยาตอบสนองแต่ยังไม่ตื่นเต็มที่ น้ำลายไหล หรือกลืนลำบาก ให้จัดให้อยู่ในท่าพักฟื้น
3. ตรวจสอบอย่างต่อเนื่องตามความเหมาะสมเพื่อพิจารณาว่าจำเป็นต้องดูแลเพิ่มเติมหรือไม่
4, ระวังอย่าให้พวกเขาหนาวหรือร้อนเกินไป
4. ให้การดูแลรักษาอาการช็อกหากจำเป็น
5. อยู่กับคนคนนั้นต่อไป
6. สังเกตการเปลี่ยนแปลงของอาการ รวมถึงการหายใจและการตอบสนอง และให้การดูแลตามความเหมาะสมและตามความรู้ความชำนาญ",Hospital,critical
Seizure (General),ชักเกร็ง,"ชักกระตุก, ตาลอย, น้ำลายฟูมปาก, เกร็ง, กัดลิ้น, ลมบ้าหมู","1. ห้ามนำสิ่งของใดๆ ก็ตามยัดปากผู้ป่วยพยายามจับผู้ป่วยนอนตะแคง เพื่อป้องกันไม่ให้น้ำลายอุดกั้นทางเดินหายใจ
2. พยายามหาหมอนหรือสิ่งของนุ่มๆ วางรองศีรษะผู้ป่วย เพื่อป้องกันศีรษะกระแทก
3. จับเวลา ถ้าชักนานเกิน 3 นาที ผู้ป่วยจะมีภาวะเสี่ยงต่อการชักต่อเนื่อง ควรรีบเรียกรถพยาบาลทันที
4. ถ้าผู้ป่วยใส่เสื้อผ้ารัด หรือสวมเนกไท ควรปลดให้หลวมเพื่อให้ผู้ป่วยหายใจได้สะดวก
5. ถ้าขณะชักผู้ป่วยใส่แว่นควรถอดออก เพื่อป้องกันแว่นแตก อาจทำให้ผู้ป่วยบาดเจ็บ",Hospital,critical
Seizure (Febrile Child),ไข้สูงชัก (เด็ก),"ตัวร้อนจัด, เด็กชัก, ตาเหลือก, เช็ดตัว","1. จับให้นอนตะแคง ไม่หนุนหมอน หันศีรษะไปด้านใดด้านหนึ่งเพื่อป้องกันการสำลัก
2. คลายเสื้อผ้าให้หลวม
3. ห้ามใช้ช้อนหรือวัตถุอื่นๆ หรือนิ้วมืองัดปาก และห้ามป้อนยาหรือน้ำทางปากในขณะที่เด็กไม่รู้สึกตัว
4. เช็ดตัวด้วยน้ำจากก๊อกประปาหรือน้ำอุ่น ไม่ควรเช็ดตัวด้วยน้ำเย็นหรือแอลกอฮอล์
5. นำเด็กส่งโรงพยาบาลหรือรีบไปพบแพทย์ เพื่อให้แน่ใจว่าสาเหตุของการชักเกิดจากไข้สูง หรือจากสาเหตุอื่นๆ เช่น การติดเชื้อในสมอง ซึ่งต้องรักษาที่ต้นเหตุด้วย",Hospital,critical
Asthma Attack,หอบหืดกำเริบ,"หายใจไม่ออก, หายใจเสียงวี้ด, พ่นยา, แน่นหน้าอก, หอบ","1. ช่วยผู้ป่วยใช้เครื่องพ่นยา (Inhaler) ตั้งสติ ไม่ตื่นเต้นและให้ความอบอุ่นใจกับผู้ป่วยช่วยผู้ป่วยหาเครื่องพ่นยา (ปกติจะเป็นสีฟ้า) และให้หายใจจากเครื่องพ่นยา                                                                                         2. บอกให้ผู้ป่วยหายใจช้าลง  ช่วยให้ผู้ป่วยอยู่ในท่าที่ผ่อนคลาย บอกให้ผู้ป่วยหายใจลึกๆ และช้าๆ ถ้าอาการเล็กน้อยจะหายไปภายใน 2-3 นาที ถ้ายังไม่หายให้ผู้ป่วยหายใจจากเครื่องพ่นยา 1-2 ครั้งทุกๆ 2 นาที จนครบ 10 ครั้ง
3. โทรแจ้ง 1669 ถ้าใช้ยาแล้วไม่ได้ผล ผู้ป่วยหายใจไม่ออก จะทำให้พูดลำบาก และเริ่มมีอาการอ่อนเปลี้ย",Hospital,critical
Diabetic (Low Sugar),น้ำตาลในเลือดต่ำ,"เหงื่อออก, ใจสั่น, หิว, หน้ามืด, เป็นเบาหวาน, วูบ, กินหวาน","1) ให้ผู้ป่วยรับประทานอาหารที่มีคาร์โบไฮเดรต 15 กรัมซึ่งปริมาณอาหารที่มีคาร์โบไฮเดรต 15 กรัมได้แก่ 

ทอฟฟี่ 3 เม็ด
น้ำส้มคั้น 180 มิลลิลิตร
น้ำผึ้ง 3 ช้อนชา
ขนมปัง 1 แผ่น
ไอศกรีม 2 สกูป
กล้วย 1 ผล
***เลือกทานอย่างใดอย่างหนึ่ง อาการมักดีขึ้นภายใน 20 นาที หลังได้รับอาหารในปริมาณดังกล่าว

2) ติดตามระดับกลูโคสในเลือดโดยใช้กลูโคสมิเตอร์ทุก 20 นาทีหลังรับประทานอาหารที่มีคาร์โบไฮเดรตครั้งแรก

3) ให้ผู้ป่วยรับประทานอาหารที่มีคาร์โบไฮเดรต 15 กรัมซ้ำถ้าระดับกลูโคสในเลือดยังคงน้อยกว่าหรือเท่ากับ 70 มิลลิกรัม / เดซิลิตร

4) เมื่อผู้ป่วยอาการดีขึ้นและผลการตรวจวัดระดับกลูโคสในเลือดมากกว่าหรือเท่ากับ 80 มิลลิกรัมต่อเดซิลิตรให้รับประทานอาหารต่อเนื่องทันทีเมื่อถึงเวลาอาหารมื้อหลักหรือถ้าต้องรอเวลาอาหารมื้อหลักนานเกินกว่า 1 ชั่วโมงให้รับประทานอาหารว่างที่มีคาร์โบไฮเดรต 15 กรัมและโปรตีนเพื่อป้องกันการเกิดภาวะน้ำตาลในเลือดต่ำซ้ำ",Clinic,mild
Severe Allergy,แพ้รุนแรง (Anaphylaxis),"หน้าบวม, ตาบวม, หายใจไม่ออก, ผื่นขึ้นทั้งตัว, แพ้อาหาร, แพ้ยา","1. ผู้ป่วยทั่วไปนอนราบ - ห้ามยืนหรือเดิน หากหมดสติหรือตั้งครรภ์ ให้จัดท่าพักฟื้น - นอนตะแคงซ้ายหากตั้งครรภ์ หากหายใจลำบาก ให้พวกเขานั่งเหยียดขาออกไปข้างหน้า ควรอุ้มเด็กเล็กให้นอนราบ ไม่ใช่อุ้มในท่าตั้งตรง 2. ให้เครื่องกระตุ้นอะดรีนาลิน
3. โทรเรียกรถพยาบาล 4. โทรหาครอบครัว/ผู้ติดต่อฉุกเฉิน 5. อาจให้ยาอะดรีนาลินเพิ่มหากไม่มีการตอบสนองหลังจาก 5 นาที
6. นำตัวผู้ป่วยส่งโรงพยาบาลเพื่อสังเกตอาการอย่างน้อย 4 ชั่วโมง",Hospital,critical
Fainting,เป็นลม,"หน้ามืด, เวียนหัว, ยาดม, ล้มลงไป, พักผ่อนน้อย","1. คลายเสื้อผ้าที่คับ ให้หลวมออก
2. กันไม่ให้คนมามุงล้อมผู้ป่วย
3. ใช้พัดหรือสิ่งอื่นโบกลมให้ผู้ป่วย
4. อาจให้คนไข้สูดดมยา เช่น ยาหม่อง พิมเสน แอมโมเนียหอม หัวหอม หรืออื่น ๆ
5. อาจใช้ผ้าชุบน้ำเย็น (ในที่ที่อากาศร้อน) เช็ดหน้า คอ แขนขา และลำตัวของคนไข้ โดยทั่วไปคนไข้เป็นลมที่ได้รับการรักษาข้างต้น จะกลับฟื้นคืนสติในเวลาไม่กี่นาที
6. เมื่อคนไข้ฟื้นคืนสติแล้ว ควรให้นอนพักหรือนั่งพักอย่างน้อยสัก 1-2 ชั่วโมง เพราะถ้าให้คนไข้ลุกขึ้น หรือกลับไปทำงานทันที จะเกิดอาการหน้ามืดเป็นลมอีกได้
7. เมื่อคนไข้รู้สึกตัวดีแล้ว ต้องตรวจหาสาเหตุของอาการเป็นลม เพื่อให้การป้องกันและรักษาสาเหตุ คนไข้จะได้ไม่เกิดอาการเป็นลมขึ้นอีก หรือถ้าเกิดขึ้นอีกก็ไม่รุนแรง และไม่ทำให้เกิดอันตรายได้สำหรับคนไข้ที่มีอาการหน้ามืด ให้รักษาเช่นเดียวกับคนไข้ที่เป็นลม แต่อาจให้นั่งแทนนอน",Clinic,mild
Thermal Burn (Minor),น้ำร้อนลวก/ไฟไหม้เล็กน้อย,"แสบ, แดง, พุพอง, น้ำร้อนลวก, โดนเตารีด","1. ออกจากความร้อนให้เร็วที่สุด
2. ล้างด้วยน้ำก๊อกอุณหภูมิปกติเพื่อลดความร้อน เลี่ยงน้ำเย็นจัดและน้ำแข็ง
3. ปิดแผลด้วยผ้าสะอาด
4. นำส่งโรงพยาบาลทันที",Hospital,mild
Thermal Burn (Severe),ไฟไหม้รุนแรง,"ไหม้เกรียม, ผิวลอก, โดนไฟคลอก, แผลกว้าง, เสื้อผ้าติดผิว","1. ล้างทำความสะอาดแผลด้วยน้ำสะอาดอุณหภูมิปกติ หรือเปิดน้ำให้ไหลผ่าน หรือแช่อวัยวะส่วนที่เป็นแผลลงในน้ำสะอาดประมาณ 15-20 นาที หรือจนกว่าอาการปวดแสบปวดร้อนจะลดลง
2. ปิดแผลด้วยผ้าก๊อซหรือผ้าแห้งสะอาด
3. ถ้ายังมีอาการปวดแสบปวดร้อนหรืออาการเป็นมากขึ้น ผิวหนังมีรอยถลอก มีตุ่มพองใส หรือมีสีของผิวหนังเปลี่ยนไป ให้รีบนำส่งโรงพยาบาล
4. ห้ามใส่ตัวยาหรือครีมใดๆ ทาลงบนบาดแผลถ้ายังไม่แน่ใจในสรรพคุณที่ถูกต้องของยาชนิดนั้น และห้ามใช้ยาสีฟัน น้ำปลา เครื่องปรุง หรือยาหม่องทา เพราะอาจติดเชื้อและรักษายากขึ้น
5. ถ้าไฟไหม้ น้ำร้อนลวกบริเวณใบหน้า จะต้องได้รับการรักษาจากแพทย์โดยเร็วที่สุด เพราะบริเวณใบหน้ามักจะเกิดอาการระคายเคืองจากยาที่ใช้ ห้ามใส่ยาใดๆ ก่อนถึงมือแพทย์ เพราะผู้ป่วยแต่ละคนมีอาการตอบสนองต่อตัวยาไม่เหมือนกัน จะต้องขึ้นกับดุลยพินิจของแพทย์
6. บาดแผลไฟไหม้น้ำร้อนลวกที่เกิดในเด็กและผู้สูงอายุ ถึงแม้จะมีขนาดไม่กว้างมาก แต่ก็อาจมีอันตรายมากกว่าที่พบในคนหนุ่มสาว ดังนั้นแนะนำส่งไปรักษาที่โรงพยาบาลทุกราย",Hospital,critical
Chemical Burn,โดนสารเคมี (ผิวหนัง),"กรดรด, ด่างรด, แสบผิว, กัดผิว, ล้างน้ำ, สารเคมีหกใส่",ให้รีบล้างด้วยน้ำสะอาด โดยให้น้ำไหลผ่านอย่างน้อย 15-30 นาที เพื่อลดความเข้มข้นของสารเคมี และลดการระคายเคือง หากทำได้ให้ถอดเสื้อผ้าและเครื่องประดับที่ปนเปื้อนออกทันที เพื่อป้องกันการแพร่กระจายของสารเคมี หากเกิดแผลไหม้ หรือพุพองห้ามเจาะหรือแกะผิวหนัง ให้ใช้ผ้าก๊อซสะอาดปิดไว้ เพื่อป้องกันการติดเชื้อ กรณีอาการรุนแรง เช่น ผิวหนังลอก หรือเจ็บปวดมากควรรีบไปพบแพทย์,Hospital,critical
Sunburn,ผิวไหม้แดด,"แสบตัว, ผิวแดง, ตากแดดนาน, ลอก","1. อาบหรือแช่น้ำเย็น ระบายความร้อน
2. ทามอยเจอร์ไรเซอร์ ช่วยบรรเทาอาการแห้งและสูญเสียน้ำ ควรทาทันทีหลังอาบน้ำเสร็จขณะที่ตัวหมาดๆ
3. ทาคอร์ติโคสเตียรอยด์ครีม ที่มีฤทธิ์อ่อนๆ เช่น 2% Hydrocortisone cream ระวังการใช้ครีมที่แรงเกินไป โดยไม่ได้รับการดูแลจากแพทย์โดยตรง
4. ทาว่านหางจระเข้ (Aloe) ช่วยเรื่องความชุ่มชื้น และลดการอักเสบได้
5. ถ้ามีอาการบวม ปวด แดง ร้อน ให้รับประทานยากลุ่ม Ibuprofen ได้ แต่ต้องรับประทานหลังอาหารทันที และระวังในผู้มีโรคกระเพาะหรือแพ้ยากลุ่ม NSAIDs
6. ดื่มน้ำเยอะๆ เพราะผิวไหม้แดด ทำให้ร่างกายเสียน้ำไปมาก
7. ถ้าผิวขึ้นตุ่มน้ำ (second degree sunburn) ห้ามเจาะ ห้ามแกะ และควรพบแพทย์ผิวหนัง รวมถึงหากมีอาการปวดศีรษะ มีไข้ หนาวสั่น ควรรีบพบแพทย์ทันที
8. หลีกเลี่ยงแสงแดด อย่าโดนซ้ำอีก เพราะแสงแดดเป็นสาเหตุทำให้เกิดมะเร็งผิวหนังได้",Clinic,mild
Swallowed Poison,กินสารพิษ,"กินยาล้างห้องน้ำ, กินยาเบื่อ, ปวดท้อง, อาเจียน","1. ทำให้สารพิษเจือจาง  ในกรณีรู้สึกตัวและไม่มีอาการชัก  โดยการดื่มน้ำชาซึ่งหาได้ง่าย แต่ถ้าได้นมจะดีกกว่า เพราะว่าจะช่วยเจือจางสารพิษแล้ว ยังช่วยเคลือบและป้องกันอันตรายต่อเยื่อบุทางเดินอาหาร
2. นำส่งโรงพยาบาล  เพื่อทำการล้างท้องเอาสารพิษออกจากกระเพาะอาหาร
3. ทำให้ผู้ป่วยอาเจียน  เพื่อเอาสารพิษออกจากกระเพาะอาหาร ในกรณีที่ต้องใช้เวลานานในการนำส่งผู้ป่วย  เช่น  ใช้นิ้วล้วงคอ ใช้ไม้พันสำลีกวาดคอซึ่งจะเป็นการกระตุ้นให้ รู้สึกอยากขย้อน อยากอาเจียน
ข้อห้ามในการทำให้ ผู้ป่วยอาเจียน
1. หมดสติ
2. ได้รับสารพิษชนิดกัดเนื้อ เช่น กรด ด่าง
3. รับประทานสารพิษพวก น้ำมันปิโตรเลียม เช่น น้ำมันก๊าด เบนซิน
4. มีสุขภาพไม่ดี  เช่น โรคหัวใจ",Hospital,critical
Chemical Ingestion,กินน้ำยาล้างห้องน้ำ,"กินเป็ด, กินกรด, แสบปาก, ห้ามทำให้อ้วก","1. ทำให้สารพิษเจือจาง  ในกรณีรู้สึกตัวและไม่มีอาการชัก  โดยการดื่มน้ำชาซึ่งหาได้ง่าย แต่ถ้าได้นมจะดีกกว่า เพราะว่าจะช่วยเจือจางสารพิษแล้ว ยังช่วยเคลือบและป้องกันอันตรายต่อเยื่อบุทางเดินอาหาร
2. นำส่งโรงพยาบาล  เพื่อทำการล้างท้องเอาสารพิษออกจากกระเพาะอาหาร
3. ทำให้ผู้ป่วยอาเจียน  เพื่อเอาสารพิษออกจากกระเพาะอาหาร ในกรณีที่ต้องใช้เวลานานในการนำส่งผู้ป่วย  เช่น  ใช้นิ้วล้วงคอ ใช้ไม้พันสำลีกวาดคอซึ่งจะเป็นการกระตุ้นให้ รู้สึกอยากขย้อน อยากอาเจียน
ข้อห้ามในการทำให้ ผู้ป่วยอาเจียน
1. หมดสติ
2. ได้รับสารพิษชนิดกัดเนื้อ เช่น กรด ด่าง
3. รับประทานสารพิษพวก น้ำมันปิโตรเลียม เช่น น้ำมันก๊าด เบนซิน
4. มีสุขภาพไม่ดี  เช่น โรคหัวใจ",Hospital,critical
Drug Overdose,กินยาเกินขนาด,"กินยาฆ่าตัวตาย, กินยาเยอะ, หมดสติ, น้ำลายฟูมปาก","1. หากผู้ป่วยหมดสติแต่ยังหายใจอยู่ ให้ค่อยๆ วางผู้ป่วยนอนตะแคงในท่าพักฟื้น ตรวจสอบให้แน่ใจว่าทางเดินหายใจยังเปิดอยู่โดยการเอียงศีรษะไปด้านหลังและยกคางขึ้น (วิธีนี้จะช่วยให้ผู้ป่วยหายใจได้สะดวกขึ้นและป้องกันการสำลักหากอาเจียน)
2. ตรวจสอบการหายใจและเฝ้าสังเกตอาการจนกว่าความช่วยเหลือจะมาถึง
3. อย่าพยายามทำให้คนนั้นอาเจียน
4. อย่าให้พวกเขากินหรือดื่มอะไรเลย
5. เก็บกล่องใส่ยาไว้ด้วยเพื่อนำไปโรงพยาบาล",Hospital,critical
Inhaled Poison,สูดดมก๊าซพิษ,"เหม็นแก๊ส, มึนหัว, ในรถ, รมควัน, หายใจไม่ออก",หากได้รับสารพิษจากการหายใจ ให้ออกจากพื้นที่นั้น แล้วประเมินการหายใจว่ามีอาการแสบปาก คอ หรือจมูกร่วมด้วยหรือไม่ ถ้ามีให้ไปโรงพยาบาลทันที,Hospital,critical
Food Poisoning,อาหารเป็นพิษ,"อ้วก, ท้องเสีย, ปวดบิด, กินของเสีย, อาหารเป็นพิษ","ผู้ป่วยส่วนมากที่มีภาวะอาหารเป็นพิษสามารถหายได้เองโดยไม่ต้องรับการรักษาแบบจำเพาะเจาะจง โดยหลักการของการรักษามุ่งเน้นที่การรักษาสมดุลของสภาวะสารน้ำในร่างกายเป็นสำคัญ เนื่องจากร่างกายมีการสูญเสียน้ำและเกลือแร่ออกไปทั้งทางการถ่ายอุจจาระและอาเจียน ดังนั้นหากผู้ป่วยสามารถดื่มน้ำผงเกลือแร่เพื่อทดแทนสารน้ำที่ร่างกายสูญเสียออกไปได้อย่างสมดุลอาการมักค่อย ๆ ดีขึ้น และหายได้เองภายใน 3-5 วัน แต่หากผู้ป่วยมีสัญญาณอันตรายที่จำเป็นต้องพบแพทย์ดังกล่าวไว้ข้างต้น เมื่อเข้ารับการรักษาที่โรงพยาบาลอาจได้รับการรักษาด้วยการให้สารน้ำทางหลอดเลือดดำ เพื่อทดแทนสารน้ำและเกลือแร่ที่ร่างกายสูญเสียไป และไม่อาจทดแทนได้อย่างทันท่วงทีด้วยการรับประทานเพียงอย่างเดียว

สำหรับการให้ยาปฏิชีวนะนั้น มีประโยชน์ในการรักษาผู้ป่วยที่มีลักษณะของอาการท้องเสียแบบมีการอักเสบ หรือมีสัญญาณของการติดเชื้อชนิดรุกราน ได้แก่ มีอาการไข้สูง ถ่ายมีมูกเลือด อาจร่วมกับการตรวจพบเม็ดเลือดขาวในอุจจาระ

นอกจากนี้ยาต่าง ๆ ที่ใช้ในการบรรเทาอาการ เช่น ยาหยุดถ่าย ยาแก้ปวดท้อง ยาแก้คลื่นไส้อาเจียน สามารถรับประทานได้เพื่อใช้บรรเทาอาการ อย่างไรก็ดีการใช้ยาหยุดถ่ายควรใช้อย่างระมัดระวัง โดยเฉพาะในกลุ่มผู้ป่วยที่มีอาการท้องเสียแบบมีการอักเสบและในกลุ่มผู้ป่วยเด็ก",Clinic,mild
Foreign Body in Eye,ฝุ่น/ผงเข้าตา,"เคืองตา, ตาแดง, ลืมตาไม่ขึ้น, ฝุ่นเข้าตา","1. ไม่ควรขยี้ตา เนื่องจากจะทำให้ฝุ่นติดกับกระจกตา และยังเป็นการนำเชื้อโรคเข้าตา
2. ล้างตาด้วยน้ำสะอาด น้ำเกลือ หรือหยอดน้ำตาเทียม การกลอกตาไปมาขณะล้างตาช่วยให้สิ่งแปลกปลอมหลุดออกมาได้ง่ายขึ้น
3. ตรวจเช็กตาตนเอง ถ้าสิ่งแปลกปลอมติดอยู่บริเวณตาขาว ใช้ไม้พันสำลีสะอาดเขี่ยออกได้ ถ้าติดบริเวณตาดำ ควรไปพบแพทย์
4. หากล้างตาแล้ว อาการไม่ดีขึ้น ควรปรึกษาแพทย์ให้ช่วยเอาออกให้
5. ในกรณีที่มีอาการปวดตารุนแรง ระคายเคืองมาก ตามัว เห็นแสงแตกกระจาย หรือมีจุดสีขาวที่กระจกตาดำให้รีบไปพบแพทย์ทันที",Clinic,mild
Foreign Body in Ear (Bug),แมลงเข้าหู,"แมลงบินเข้าหู, ปวดหู, ดิ้นในหู, กอกแกกในหู","1. ใช้วิธีหลอกล่อให้แมลงออกมา โดยการเข้าไปในห้องมืดๆ ไม่ต้องเปิดไฟ แล้วคลุมตัวด้วยผ้าห่ม จากนั้นส่องไฟฉายเข้าไปในรูหูเพื่อช่วยให้แมลงออกมา เพราะโดยธรรมชาติของแมลงแล้วจะบิน หรือเข้าหาแสงไฟสว่าง
2. การทำให้แมลงจมน้ำ โดยการเอียงคอด้านที่แมลงเข้าหูขึ้น จากนั้นหยอดของเหลว เช่น น้ำอุณหภูมิห้อง น้ำมันมะกอก น้ำมันมะพร้าว เบบี้ออยล์ ช้าๆ ครั้งละประมาณ 2 ซีซี รอให้ของเหลวไหลลงเต็มรูของหู จากนั้นให้ดึงใบหูข้างนั้นไปทางด้านหลังเล็กน้อย รอประมาณ 30 นาที สังเกตดูว่า แมลงยังมีการขยับตัวอยู่หรือไม่ เมื่อแน่ใจว่า แมลงไม่เคลื่อนไหวใดๆ แล้วจึงค่อยๆ ตะแคงหูเพื่อให้แมลงไหลออกมาเอง

1. ห้ามใช้นิ้วแหย่เข้าไป เพราะแมลงอาจต่อย หรือกัดได้
2. ห้ามใช้อุปกรณ์แคะหู ทำการแหย่เข้าไปในรูหูอย่างเด็ดขาด เพราะจะเป็นการผลักดันให้แมลงยิ่งมุดหนีเข้าไปลึกในรูหูมากยิ่งขึ้น ซึ่งอาจเกิดอันตรายร้ายแรงกับเยื่อแก้วหูได้
3. ห้ามใช้น้ำมันไวไฟ แอลกอฮอล์ น้ำส้มสายชูหยอดลงไปในหูเด็ดขาด
4. ห้ามใช้น้ำสบู่ น้ำยาล้างจาน หยอดลงไปในหูเด็ดขาด
5. หากผู้ป่วยใส่ท่อระบายน้ำในหูอยู่แล้ว หรือมีอาการแก้วหูทะลุ ไม่ควรใช้น้ำมันหยอดลงไปในรูหู เพราะอาจทำให้อาการรุนแรงขึ้น",Clinic,mild
Foreign Body in Ear (Object),ของแข็งติดในหู,"ลูกปัดติดหู, เมล็ดผลไม้, เด็กยัดของ","1. ถ้าสังเกตเห็นสิ่งแปลกปลอมได้ด้วยตาเปล่าชัดเจน และไม่ได้เป็นของแข็ง อาจลองใช้ปากคีบ คีบวัตถุนั้นออกอย่างเบามือ ภายใต้แสงสว่างอย่างพอเพียง
2. ห้ามใช้ไม้พันสำลี ก้านไม้ขีดไฟ หรือวัตถุอื่นใด เขี่ยวัตถุออกเอง เพราะอาจทำให้สิ่งแปลกปลอมหลุดลึกลงไปมากขึ้น จนเป็นอันตรายต่อแก้วหู และหูชั้นกลางได้
3. อาจเอียงเอาหูข้างนั้นลงต่ำ และค่อยๆโยกศีรษะในแนวดิ่งเบาๆ เพื่อให้สิ่งแปลกปลอมหลุดออกมาเอง
4. หากเป็นแมลงเข้าหู ให้เอาศีรษะข้างนั้นขึ้น และใช้น้ำมันทาตัวเด็ก  ยาหยอดหู หรือน้ำมันพืช ใส่ไปในรูหู โดยดึงใบหูไปทางด้านหลัง เพื่อให้รูหูอยู่ในแนวตรง เพื่อให้แมลงหนีขึ้นมา หรือลอยขึ้นมาได้
5. ห้ามใช้น้ำหรือน้ำมัน   ไฮโดรเจนเปอร์ออกไซด์ หรือของเหลวอื่นๆ ใส่ไปในรูหู ในกรณีอื่น โดยเฉพาะถ้าสงสัยว่า แก้วหูทะลุ เช่น มีเลือดออก มีน้ำไหล",Clinic,mild
Foreign Body in Nose,ของติดจมูก,"ยัดของเข้าจมูก, หายใจไม่ออก, สั่งน้ำมูก","1. ใช้มือปิดรูจมูกอีกข้างแล้วสั่งน้ำมูกแรงๆ เพื่อให้สิ่งแปลกปลอมหลุดออกมาเอง
2. ห้าม! พยายามใช้คีมหรือเครื่องมือต่างๆ คีบเอาสิ่งแปลกปลอมออกมาเอง เพราะอาจจะดันสิ่งแปลกปลอมให้หลุดเข้าไปลึกถึงหลอดลมหรือปอด ซึ่งหากสิ่งแปลกปลอมเข้าไปอุดตันหลอดลมอาจทำให้เสียชีวิตได้
3. กรณีที่สั่งน้ำมูกแล้วสิ่งแปลกปลอมไม่หลุดออกมา หรือสิ่งแปลกปลอมอยู่ลึก ให้รีบไปพบแพทย์ในทันที เนื่องจากในผู้ป่วยบางราย อาจต้องมีการนำสิ่งแปลกปลอมออกภายใต้การดมยาสลบ จึงควรงดน้ำและอาหารก่อนมาพบแพทย์ เพื่อป้องกันการสำลักเศษอาหารจากกระเพาะอาหารเข้าสู่ปอด",Clinic,mild
Foreign Body in Throat,ก้างติดคอ,"ก้างปลา, เจ็บคอ, กลืนเจ็บ, ก้างตำ","หากเป็นก้างปลาขนาดเล็ก ให้ดื่มน้ำแล้วกลั้วคอแรง ๆ ก้างจะสามารถหลุดออกเองได้
หากไม่หลุด ควรมาพบแพทย์ทันที เพื่อเลี่ยงความเสี่ยงของภาวะแทรกซ้อน",Clinic,mild
Panic Attack (Crime),ตกใจกลัวสุดขีด,"มือสั่น, หายใจไม่ออก, กลัว, โดนขู่, ใจสั่น, panic","1.  หายใจเข้าออกลึก ๆ ช้า ๆ  และบอกตัวเองว่าอาการไม่อันตราย แค่ทรมานแต่เดี๋ยวก็หาย
2.  มียาที่แพทย์ให้พกติดตัวไว้ กินเมื่ออาการเป็นมาก
3.  ทำการผ่อนคลายอื่น ๆ  เช่น  ออกกำลังกาย ทำสมาธิ  ทำงานอดิเรกต่าง ๆ  ที่ช่วยให้มีความสุข ",Clinic,mild
Acid Attack,โดนสาดน้ำกรด,"สาดน้ำกรด, หน้าไหม้, แสบมาก, โดนทำร้าย","1. ตั้งสติ ประเมินสถานการณ์ว่าสามารถเข้าช่วยเหลือได้หรือไม่ โทรสายด่วน 1669 เพื่อขอความช่วยเหลือ
2. ตัดเสื้อผ้าบริเวณที่ถูกน้ำกรด สาดออก ควรใส่ถุงมือ หรือถุงพลาสติกเพื่อป้องกันตัวเอง
3. ใช้กระดาษหรือผ้าชับน้ำกรดออกให้มากที่สุด ห้ามเช็ด เพราะอาจไปทำลายเนื้อเยื่อบริเวณนั้นได้
4. ให้ใช้น้ำสะอาดปริมาณมาก ล้างในบริเวณที่ถูกน้ำกรดสาด ประมาณ 5 นาที ไม่ถูหรือขัด
5. หากเข้าตาให้ล้างตาด้วยน้ำสะอาดหลาย ๆ ครั้ง ห้ามใช้น้ำยาล้างตา
6. ใช้ผ้าสะอาด หรือ ผ้าก๊อชปิดแผล
7. นำผู้ป่วยส่งโรงพยาบาลทันทีหรือรอรถพยาบาล",Hospital,critical
Motorcycle Accident (Fall),รถล้ม / มอเตอร์ไซค์ล้ม,"รถล้ม, กลิ้ง, ไถล, แผลถลอก, เลือดออก, เจ็บแขนขา, ล้มรถ","1. ประเมินสถานการณ์ เคลื่อนย้ายผู้บาดเจ็บไปยังที่ปลอดภัยก่อนปฐมพยาบาล
2. ขอความช่วยเหลือ ขอความช่วยเหลือจากผู้ที่อยู่ใกล้เคียงหรือโทรแจ้งหน่วยแพทย์ฉุกเฉิน เบอร์ฉุกเฉิน 1669 สำหรับอุบัติเหตุรุนแรง
3. สวมถุงมือป้องกันติดเชื้อ ทั้งคนปฐมพยาบาลและผู้บาดเจ็บ ลดความเสี่ยงการติดเชื้อที่บาดแผล
4. หยุดเลือดให้เร็วที่สุด ใช้ผ้าสะอาดหรือผ้าพันแผลกดบาดแผลเพื่อห้ามเลือดจนกว่าเลือดจะหยุดไหล
5. ทำความสะอาดแผล ใช้น้ำสะอาดล้างบาดแผลเพื่อขจัดสิ่งสกปรกและเศษฝุ่นในบาดแผล
6. ใช้น้ำยาฆ่าเชื้อ เพื่อป้องกันการติดเชื้อจากแบคทีเรีย เช่น ทำความสะอาดด้วยเบตาดีนหรือไฮโดรเจนเปอร์ออกไซด์ หลังฆ่าเชื้อใช้ผ้าพันแผลหรือพลาสเตอร์ปิดบาดแผลไว้
7. ระวังการติดเชื้อ ปิดแผลด้วยผ้าก๊อซและเปลี่ยนเป็นประจำ ถ้าแผลบวม แดง มีหนอง รีบพบแพทย์
8. จัดการความเจ็บปวด อาจกินยาแก้ปวดบรรเทา หรือปรึกษาแพทย์เพื่อรับการรักษาที่เหมาะสม หากปวดเป็นเวลานาน",Hospital,critical
Car Crash (Trapped),รถชน (ติดภายใน),"รถชน, อัดก็อปปี้, ออกไม่ได้, ประตูเปิดไม่ได้, ติดในรถ, อุบัติเหตุรถยนต์",,Hospital,critical
Helmet Removal (Unsafe),การถอดหมวกกันน็อค,"ถอดหมวกไหม, คนเจ็บใส่หมวกกันน็อค, หายใจไม่ออก, รถชนหัวฟาด",,Hospital,critical
Pedestrian Hit,คนถูกรถชน,"โดนรถชน, ข้ามถนนถูกชน, นอนกลางถนน, รถเฉี่ยว, เจ็บหนัก",,Hospital,critical
Seatbelt Injury,บาดเจ็บจากเข็มขัดนิรภัย,"แน่นหน้าอก, รอยช้ำพาดหน้าอก, หายใจเจ็บ, รถชน, กระแทก",,Hospital,critical
Fall (Elderly),ผู้สูงอายุหกล้ม,"ยายล้ม, ปู่ล้ม, ล้มในห้องน้ำ, ลุกไม่ได้, สะโพกกระแทก, เจ็บสะโพก","1. ถ้ามีศีรษะกระแทกและไม่รู้สึกตัว ให้นอนในท่าเดิมและเรียกรถพยาบาล
2. ผู้ป่วยรู้สึกตัวดีและมีอาการปวดต้นคอร่วมด้วยให้นอนราบ ไม่หนุนหมอน เรียกรถพยาบาล พยายามขยับผู้ป่วยให้น้อยที่สุด
3. ผู้ป่วยที่ปวดสะโพกหรือต้นขาให้นอนในท่าที่ผู้ป่วยปวดน้อยที่สุดแล้วเรียกรถพยาบาล ไม่ควรเคลื่อนย้ายเอง เพราะอาจจะทำให้มีการเคลื่อนของกระดูกมากขึ้นได้
4. ผู้ป่วยศีรษะกระแทก ไม่ปวดต้นคอ รู้ตัวดี ให้ญาตินำส่งโรงพยาบาล กรณีมีแผลเลือดออกให้ใช้ผ้าสะอาดกดไว้นาน 10 – 15 นาที",Hospital,critical
Fall from Height (>2m),ตกจากที่สูง,"ตกต้นไม้, ตกหลังคา, ตกตึก, ขยับไม่ได้, หลังกระแทก, ตกนั่งร้าน","พบผู้บาดเจ็บหรือตกจากสี่สูง ควรประเมินและสังเกตอาการดังต่อไปนี้
1. ผู้บาดเจ็บรู้สึกตัวหรือไม่ ให้ทดสอบโดยการเรียกหรือปลุกตื่น  ถ้าปลุกตื่นแล้ว ผู้บาดเจ็บสามารถพูดคุยรู้เรื่องหรือไม่
2. ดูการหายใจ โดยสังเกตจากหน้าอกหรือท้องว่า มีการขยับกระเพื่อมหรือไม่ สามารถสัมผัสหรือได้ยินเสียงลมหายใจหรือไม่
3. การบาดเจ็บของอวัยวะ มีบาดแผลหรือเลือดออกหรือไม่ บริเวณอวัยวะใด มีกระดูกหัก อวัยวะผิดรูปหรือไม่ ทั้งนี้หากผู้บาดเจ็บรู้สึกตัว และสามารถพูดคุยรู้เรื่องได้ ให้สอบถามอาการบาดเจ็บจากผู้บาดเจ็บว่า เจ็บบริเวณใด
4. ตกจากความสูงเท่าไหร่  (เช่น  ตกจากตึกกี่ชั้น  บันไดกี่ขั้น  หรือตกต้นไม้สูงประมาณกี่เมตร) การตกจากที่สูงโดยเฉพาะถ้าสูงเกินความสูงของผู้ตกเกิน 3 เท่า ถือว่าเป็นระดับอันตรายมาก เพราะยิ่งสูงความเร็วและพลังงานที่ถ่ายทอดสู่ร่างกายขณะกระแทกพื้นจะยิ่งมากตามไปด้วย นอกจากนี้ความแข็งของพื้นผิวที่กระทบ เช่น คอนกรีต ดิน หรือ น้ำ ก็สำคัญ ส่วนของร่างกายที่ตกกระทบพื้นลงมาตรงๆ หน้าฟาด หรือโหม่งหัว หรือไม่ เหล่านี้ล้วนมีผลต่อความรุนแรงของการบาดเจ็บ
5. หากผู้บาดเจ็บสามารถพูดคุยรู้เรื่อง ให้สอบถามรายละเอียดที่จำเป็น เช่น อายุ โรคประจำตัว ประวัติการใช้ยา และสาเหตุของการตก เช่น ตกลงมาเอง หรือต้องการฆ่าตัวตาย หรือถูกไฟดูด เป็นต้น
 
[รู้ได้อย่างไรว่า กระดูกร้าว แตกหัก จากตกจากที่สูง หรือไม่ ?
ผู้บาดเจ็บที่มีกระดูกหัก จะสามารถพบอาการต่างๆ เหล่านี้ได้

อาการปวด ผู้บาดเจ็บจะมีอาการปวดมากในบริเวณที่เป็นกระดูก ถ้าไม่มีอาการปวด โอกาสเกิดกระดูกหักก็ค่อนข้างน้อย อย่างไรก็ตาม ผู้บาดเจ็บที่มีกระดูกหักบางรายอาจจะไม่มีอาการปวดได้ เช่น มีการสูญเสียความรู้สึกในบริเวณที่หักจากการบาดเจ็บของเส้นประสาท ไขสันหลัง หรือสมอง
อาการบวม เมื่อมีกระดูกหักจะมีเลือดออกอยู่ภายในบริเวณนั้นๆ มาก ทำให้เกิดอาการบวมขึ้น ถึงแม้จะไม่มีอาการบวม ยังไม่สามารถบอกได้ชัดเจนว่าจะไม่มีกระดูกหักหรือร้าว เพราะกระดูกบางชิ้นที่อยู่ลึกลงไปในชั้นเนื้อเยื่อ หรือข้อต่อ เมื่อมีการหักเกิดขึ้น จะสังเกตอาการบวมได้ยาก
ความผิดรูป สามารถเกิดขึ้นได้จากการหักของกระดูก การหลุดเคลื่อนของข้อต่อ หรือทั้งสองปัจจัยร่วมกัน ซึ่งถ้าเห็นความผิดรูปเกิดขึ้นเป็นสัญญาณบอกถึงการมีกระดูกหัก
การขยับเคลื่อนไหว ในกรณีที่มีการบาดเจ็บของกระดูกหรือข้อต่อ ผู้บาดเจ็บไม่สามารถขยับข้อต่อหรือรยางค์นั้นๆ ได้เต็มที่ อาจด้วยอาการปวดหรือมีการติดขัดในข้อ]
 
หากมีอาการอย่างใดอย่างหนึ่งข้างต้น หรือมีอาการหลายอย่างร่วมกัน ให้ปฐมพยาบาลดังต่อไปนี้
1. ไม่ควรจะเคลื่อนย้ายผู้บาดเจ็บ ในกรณีที่จำเป็นต้องเคลื่อนย้ายเนื่องจากสถานการณ์ไม่ปลอดภัย ต้องให้ผู้บาดเจ็บนอนหงายบนแผ่นกระดาน กรณีจำเป็นต้องพลิกตัวผู้บาดเจ็บ ต้องให้ตัว ลำคอ และศีรษะตรงเป็นแนวเดียวกันเหมือนท่อนซุง และนำออกมาในที่ปลอดภัย รอจนกว่าเจ้าหน้าที่หน่วยกู้ชีพจะมาถึง
2. หากผู้บาดเจ็บหมดสติหรือหายใจแผ่วเบา หายใจเร็ว ให้ผู้บาดเจ็บนอนลง โดยให้ศีรษะอยู่ต่ำกว่าลำตัวเล็กน้อย ยกขาขึ้น
3. ห้ามเลือด โดยกดที่บาดแผลด้วยผ้าที่สะอาด
4. เมื่อสงสัยว่ากระดูกหัก ให้เริ่มต้นด้วยการดามด้วยวัสดุที่แข็งแรง เช่น ท่อนไม้ กระดาน พลาสติก เหล็ก ในกรณีที่หาเครื่องดามไม่ได้จริงๆ อาจใช้อวัยวะของผู้บาดเจ็บเองทดแทนชั่วคราวได้ เช่น ถ้าแขนหักให้ดามแขนมัดติดกับลำตัว หรือถ้าขาหัก ให้ดามขาติดกับขาอีกข้างหนึ่ง เป็นต้น เพื่อให้บริเวณที่หักอยู่นิ่งๆ ไม่เคลื่อนไหว เพื่อลดอาการปวด และป้องกันไม่ให้กระดูกที่หักเคลื่อนไปทิ่มแทง ทำอันตรายต่อเนื้อเยื่ออื่นๆ เช่น หลอดเลือด เส้นประสาท ที่อยู่ใกล้เคียง และช่วยทำให้เคลื่อนย้ายผู้บาดเจ็บได้ง่ายและสะดวกขึ้น หากมีเลือดออก ให้กดห้ามเลือดบริเวณเหนือจุดที่ดามเอาไว้ และยกอวัยวะที่หักและได้รับการดามไว้ให้สูงขึ้น สิ่งที่สำคัญและควรระวังคือ ไม่ควรรักษากระดูกที่หักด้วยตนเอง หรือให้ผู้ที่ไม่ได้รับการฝึกอบรมในการให้การรักษา เพราะกระดูกอาจติดผิดรูปผิดร่าง หรือผิดที่ผิดทาง ทำให้เกิดความพิกลพิการตามมาได้
5. ในกรณีที่กระดูกหักแล้ว มีปลายหักโผล่ออกนอกผิวหนัง ไม่ควรดันปลายกระดูกนั้นให้เข้าสู่ที่เดิมเป็นอันขาด เพราะปลายกระดูกที่โผล่ออกมานั้นอาจจะเปื้อนเชื้อโรคจากภายนอกอยู่แล้ว ถ้าดันกลับเข้าไปในร่างกาย จะเป็นการนำพาเชื้อโรคเข้าสู่บาดแผล ทำให้มีความเสี่ยงจะเกิดการติดเชื้อได้มากขึ้น ให้นำผ้าสะอาดที่สุดเท่าที่จะหาได้มาคลุมบริเวณบาดแผล แล้วจึงทำการดามไว้ดังวิธีที่กล่าวมาแล้วข้างต้น
6. พยายามให้ส่วนที่หักอยู่สูงกว่าหัวใจเสมอ โดยยกบริเวณที่หักให้สูงขึ้น เพื่อช่วยการไหลเวียนโลหิต ซึ่งช่วยลดอาการบวมได้
7. ในกรณีที่รักษาด้วยการใส่เฝือก อย่าให้บริเวณที่ดามเข้าเฝือกไว้ โดนน้ำโดยเด็ดขาด เพราะอาจทำให้ผิวหนังส่วนที่อยู่ในเฝือก เน่าเปื่อยได้
8. ใช้น้ำแข็งเพื่อลดอาการบวมและเจ็บปวด จนได้รับการช่วยเหลือจากโรงพยาบาล ไม่ควรใช้น้ำแข็งประคบโดยตรงกับผิวหนัง ให้ใช้ผ้าขนหนู ชิ้นส่วนของเสื้อผ้าหรือวัสดุอื่นห่อน้ำแข็งเอาไว้ก่อนประคบ",Hospital,critical
Slip and Fall (General),ลื่นล้ม,"พื้นลื่น, หัวฟาดพื้น, ก้นกระแทก, เจ็บหลัง, ล้มหัวแตก","1. หากหมดสติหรือถามตอบไม่รู้เรื่อง ให้ประคองคอให้อยู่นิ่งที่สุด ห้ามเคลื่อนย้ายเองเพราะอาจมีกระดูกต้นคอหัก
2. สังเกตอาการ ""Alarm Signs"" ได้แก่ อาเจียนพุ่ง, ชัก, แขนขาอ่อนแรงข้างใดข้างหนึ่ง หรือมีน้ำใสๆ/เลือดออกจากหูหรือจมูก
3. หากมีแผลภายนอกให้ล้างน้ำสะอาดและกดห้ามเลือด หากมีอาการบวมโนให้ประคบเย็นทันที (ครั้งละ 15-20 นาที)
4. ห้ามให้ผู้ป่วยกินน้ำหรืออาหารทันที เผื่อกรณีต้องผ่าตัดฉุกเฉิน",Hospital,critical
Tooth Knocked Out,ฟันหลุด / ฟันหัก,"ฟันหลุด, ฟันกระเด็น, เลือดกลบปาก, ฟันโยก, เก็บฟันแช่นม","1. ให้จับเฉพาะส่วน ""ตัวฟัน"" (Crown) ที่เป็นสีขาว ห้ามสัมผัสบริเวณ ""รากฟัน"" เด็ดขาด เพราะมีเซลล์ที่ช่วยให้ฟันยึดติดใหม่ได้
2. หากฟันสกปรก ให้ล้างผ่านน้ำเย็นไหลผ่านเบาๆ ไม่เกิน 10 วินาที ห้ามขัดหรือถู
3. หากทำได้ ให้พยายามใส่กลับเข้าเบ้าฟันเดิมแล้วกัดผ้าก๊อซไว้เบาๆ หากไม่ได้ ให้แช่ใน นมจืดแช่เย็น (Cold Milk) หรือน้ำเกลือล้างแผล (Normal Saline) หรือแช่ในน้ำลายของผู้ป่วยเอง
4. ต้องถึงมือทันตแพทย์ภายใน 30-60 นาที เพื่อโอกาสในการปลูกถ่ายฟันกลับคืน",Clinic,mild
Tongue Bite,กัดลิ้น,"ลิ้นขาด, เลือดเต็มปาก, ชักกัดลิ้น, ล้มคางกระแทก, พูดไม่ได้","1. ใช้ผ้าสะอาดหรือผ้าก๊อซกดลงบนแผลโดยตรงให้แน่น หากแผลอยู่ลึกให้ใช้ปลายนิ้วกดผ่านผ้าไว้ประมาณ 5-10 นาทีโดยไม่ยกดู
2. อมน้ำแข็งหรือประคบเย็นที่กระพุ้งแก้มด้านนอกเพื่อลดอาการปวดและช่วยให้เส้นเลือดหดตัว
3. บ้วนปากด้วยน้ำสะอาดเบาๆ เพื่อล้างคราบเลือด
4. หากเลือดไม่หยุดไหลหลังกด 15 นาที หรือแผลมีความยาวเกิน 1 ซม. และขอบแผลแยกจากกันชัดเจน ต้องไปเย็บแผล","Hospital, Clinic",mild
Eyelid Laceration,แผลฉีกขาดที่เปลือกตา,"หางตาแตก, เลือดเข้าตา, หนังตาฉีก, โดนกระแทกตา","1. ห้ามกดห้ามเลือดลงบนลูกตาโดยตรง เพราะอาจทำให้แรงดันในลูกตาสูงขึ้นจนตาบอดได้
2. ใช้ฝาครอบตา (Eye Shield) หรือใช้ถ้วยกระดาษครอบไว้เบาๆ แล้วติดเทป เพื่อป้องกันไม่ให้ผู้ป่วยขยี้ตาหรือมีสิ่งสกปรกเข้าเพิ่ม
3. แนะนำให้หลับตาทั้งสองข้าง (แม้จะเจ็บข้างเดียว) เพื่อลดการขยับของลูกตาข้างที่บาดเจ็บ
4. หากเป็นแผลฉีกขาด ห้ามล้างด้วยน้ำประปาเพราะอาจนำเชื้อโรคเข้าสู่ภายในลูกตา",Hospital,critical
Ear Laceration,หูฉีก / แผลที่ใบหู,"หูขาด, เลือดออกหู, โดนดึงหู, แผลฉกรรจ์ที่หู","1. ใช้ผ้าสะอาดกดบริเวณใบหูที่ฉีกขาด เนื่องจากใบหูมีเส้นเลือดมาเลี้ยงมาก เลือดอาจออกเยอะกว่าที่คิด
2.  หากใบหูขาดถาวร ให้เก็บชิ้นส่วนใส่ถุงพลาสติกแห้งปิดสนิท แล้วนำไปแช่ในถังน้ำแข็ง (ห้ามให้เนื้อเยื่อสัมผัสน้ำแข็งหรือน้ำโดยตรงเพราะจะเสียสภาพ)
3. ล้างแผลรอบๆ ด้วยน้ำสะอาด แต่อย่าให้น้ำเข้าหูชั้นใน",Hospital,critical
Scalp Avulsion,หนังศีรษะเปิด,"หนังหัวเปิด, เห็นกะโหลก, ผมหลุด, แผลใหญ่บนหัว, เลือดท่วมหัว","1. เส้นเลือดที่หนังศีรษะมีแรงดันสูง ต้องใช้ผ้าก๊อซหลายชั้นกดลงบนจุดที่เลือดออกโดยตรงและคงแรงกดไว้อย่างน้อย 10-15 นาที
2. ล้างดินหรือสิ่งสกปรกออกจากบริเวณใกล้เคียงเพื่อลดโอกาสติดเชื้อเข้าสู่กะโหลกศีรษะ
3. หากหนังศีรษะยังไม่ขาดออกจากกัน ให้พยายามพับกลับเข้าที่เดิมเบาๆ แล้วพันผ้าพันแผลทับไว้
4.  เนื่องจากเสียเลือดมาก ให้ผู้ป่วยนอนราบ ยกขาสูง และห่มผ้าให้ความอบอุ่น",Hospital,critical
Nail Avulsion,เล็บหลุด / เล็บฉีก,"เล็บเปิด, ประตูหนีบมือ, เล็บม่วง, ปวดปลายนิ้ว, เลือดออกซอกเล็บ","1. หากเล็บยังติดอยู่บางส่วน ห้ามกระชากเล็บออกเอง ให้พยายามทำความสะอาดและวางเล็บกลับในตำแหน่งเดิมเพื่อเป็นที่กำบังเนื้อเยื่อข้างล่าง
2. ล้างด้วยน้ำเกลือ (Normal Saline) เพื่อลดการติดเชื้อ
3. ใช้ผ้าก๊อซชุบน้ำเกลือหมาดๆ แปะทับ แล้วพันทับด้วยผ้าแห้ง เพื่อไม่ให้เล็บไปเกี่ยวสิ่งของเพิ่ม
4. ประคบเย็นและยกนิ้วให้สูงกว่าระดับหัวใจเพื่อลดอาการปวดตุบๆ",Clinic,mild
Finger Crushed,นิ้วบด / ประตูหนีบ,"นิ้วแบน, ประตูหนีบ, เครื่องจักรทับนิ้ว, ม่วงช้ำ","1. รีบถอดแหวนหรือเครื่องประดับออกจากนิ้วทันที ก่อนที่นิ้วจะบวมจนตัดไม่ออก
2. ประคบเย็นทันทีครั้งละ 15 นาที เพื่อลดเลือดคั่งใต้เล็บและลดอาการบวม
3. เช็กว่าปลายนิ้วยังมีสีชมพูอยู่หรือไม่ และยังขยับข้อได้หรือไม่ หากปลายนิ้วเขียวคล้ำหรือชา อาจมีการทำลายเส้นประสาทและหลอดเลือด
4. หากรูปทรงนิ้วผิดปกติ ห้ามพยายามดัดคืน ให้หาไม้ไอศกรีมหรือนิ้วข้างๆ มาดามไว้เบาๆ",Clinic,mild
Genital Injury,บาดเจ็บอวัยวะเพศ,"โดนเตะผ่าหมาก, เลือดออกจู๋, ซิปหนีบ, กระแทกหว่างขา, ปวดจุก","1. ใช้เจลเย็นหรือน้ำแข็งห่อผ้าขนหนูประคบเพื่อลดบวมและบรรเทาปวด
2.  หากมีแผลฉีกขาดภายนอก ให้ใช้ผ้าสะอาดกดไว้เบาๆ
4. หากพบเลือดปนออกมากับปัสสาวะ หรือปัสสาวะไม่ออกเลย แสดงว่าท่อปัสสาวะบาดเจ็บ
5. หากถุงอัณฑะบวมโตอย่างรวดเร็ว (Hematoma) ต้องรีบไปโรงพยาบาลเพื่อตรวจเช็กการฉีกขาดของเนื้อเยื่อภายใน",Clinic,mild
Soft Tissue Bruise,ฟกช้ำรุนแรง,"เขียวช้ำ, บวมปูด, ห่อเลือด, โดนตี, กระแทกแรง","1. กฎ 48 ชั่วโมงแรกประคบเย็นเท่านั้น ห้ามประคบร้อน ห้ามนวด ห้ามทายาหม่องที่ออกฤทธิ์ร้อน เพราะจะทำให้เส้นเลือดขยายตัวและบวมมากขึ้น
2.  ยกส่วนที่ฟกช้ำให้สูงกว่าระดับหัวใจเพื่อลดแรงดันเลือด
3. ใช้ผ้ายืด (Elastic Bandage) พันรอบบริเวณที่บวมเพื่อลดการคั่งของเลือดภายในเนื้อเยื่อ
4. หากความบวมลดลงแล้ว จึงเริ่มประคบอุ่นเพื่อช่วยสลายลิ่มเลือด","Hospital, Clinic",mild
Rove Beetle Burn,แมลงก้นกระดก,"แสบผิว, รอยไหม้, ผื่นแดงยาว, ตุ่มน้ำพอง, โดนแมลง, ปวดแสบ","1. หากรู้ตัวว่าสัมผัสกับแมลงก้น ควรล้างบริเวณนั้น ๆ ด้วยน้ำสะอาดและสบู่ทันที หรือใช้น้ำเกลือสำหรับล้างแผลล้าง เพื่อชะล้างพิษออกและป้องกันการระคายเคือง
2. หลีกเลี่ยงการเกาบริเวณที่มีผื่น แผลพุพอง หรือตุ่มน้ำ เพราะอาจทำให้พิษกระจายและเสี่ยงต่อการติดเชื้อ
3. หากเกิดตุ่มน้ำและรอยแดง ทาครีมหรือยาสเตียรอยด์เพื่อบรรเทาอาการอักเสบและคัน ยาที่นิยมใช้ได้แก่ ไฮโดรคอร์ติโซน (Hydrocortisone) หรือครีมที่มีส่วนผสมของสารแก้แพ้
4. รับประทานยาต้านฮีสตามีน (Antihistamines) หากมีอาการคันรุนแรง
5. หากอาการไม่ดีขึ้นภายใน 1-2 วัน หรือแผลลุกลาม อักเสบมาก ควรพบแพทย์เพื่อรับการรักษา",Clinic,mild
Fire Ant Bite,มดคันไฟกัด,"มดกัด, บวมแดง, คันมาก, ตุ่มหนอง, แพ้มด",การปฐมพยาบาลเบื้องต้นสำหรับแผลถูกมดไฟกัด ได้แก่ ยาแก้คันหรือปวดที่หาซื้อได้ทั่วไป และการประคบเย็น หากผู้ถูกกัดมีอาการแพ้ เช่น ปวดหัว คลื่นไส้ เวียนศีรษะ หรือหายใจลำบาก ควรไปพบแพทย์ทันที\,Clinic,mild
Leech Attachment,ปลิงเกาะ,"ปลิงดูดเลือด, ทากเกาะ, เลือดไหลไม่หยุด, ดึงออกยังไง",เมื่อถูกทากหรือปลิงกัด ห้ามดึงออกเพราะจะทำให้เนื้อฉีกขาดเป็นแผลใหญ่ และเลือดหยุดยากขึ้น ควรใช้น้ำเกลือ น้ำส้มอย่างแรง หรือแอลกอฮอล์ หยอดรอบๆ ปากของมัน อาจใช้ไม้ขีดหรือบุหรี่จุดไฟจี้ที่ตัว จะทำให้หลุดได้ ในกรณีที่เลือด ยังไม่หยุดไหล ให้ห้ามเลือดโดยใช้ astringent และใช้ยาฆ่าเชื้อทำความสะอาดแผล ในกรณีที่มีผื่นคันให้ใช้ calamine lotion หรือ topical steroid cream ทาได้ ควรรักษาการติดเชื้อแบคทีเรียแทรกซ้อนร่วมไปด้วย,Clinic,mild
Buffalo/Cow Gore,วัว/ควายขวิด,"โดนขวิด, เขาแทง, ไส้ไหล, กระแทกหน้าอก, สัตว์ทำร้าย","1. นำผู้ป่วยออกจากพื้นที่เกิดเหตุเพื่อป้องกันการถูกทำร้ายซ้ำ
2. บาดแผลจากเขามักจะลึกและไม่เรียบ หากมีเลือดออกมากให้ใช้ผ้าสะอาดกดห้ามเลือดทันที
3. กรณีมีวัตถุปักคา ห้ามดึงวัตถุออกเด็ดขาด ให้หาผ้าสะอาดพันรอบๆ วัตถุเพื่อประคองไม่ให้เคลื่อนไหว
4. แม้ไม่มีแผลภายนอกที่ชัดเจน แต่อาจมีการฉีกขาดของอวัยวะภายในหรือกระดูกหัก ให้ผู้ป่วยนอนนิ่งๆ และงดน้ำ/อาหาร",Hospital,critical
Rat Bite,หนูกัด,"โดนหนูกัด, แผลเชื้อโรค, เลือดออก, ฉีดยา, สกปรก","1. ล้างแผลทันที ฟอกด้วยสบู่และล้างน้ำสะอาดไหลผ่านนานอย่างน้อย 15 นาที เพื่อลดปริมาณเชื้อโรค (เสี่ยงต่อโรคฉี่หนู, กาฬโรค, หรือโรคไข้หนูกัด)
2. เช็ดแผลด้วยแอลกอฮอล์หรือเบตาดีน
3. หากเลือดออกให้ใช้ผ้าสะอาดกดไว้
4. จำเป็นต้องรับวัคซีนป้องกันบาดทะยัก และอาจต้องพิจารณาวัคซีนพิษสุนัขบ้าตามดุลยพินิจของแพทย์",Clinic,mild
Button Battery Swallowed,กลืนถ่านกระดุม,"กินถ่าน, เด็กกลืนถ่านนาฬิกา, อันตราย, เจ็บคอ","1. ห้ามทำให้ผู้ป่วยอาเจียน 
2. หากเด็กกลืนแบตเตอรี่เข้าไปภายใน 12 ชั่วโมงก่อนหน้านี้ โดยเฉพาะอย่างยิ่งหากเป็นแบตเตอรี่ลิเธียมแบบเหรียญ และเด็กสามารถกลืนได้ ให้เด็กกินน้ำผึ้ง 2 ช้อนชาทุก 10 นาทีขณะเดินทางไปห้องฉุกเฉิน ห้ามรอจนถึงเวลาให้เด็กกินน้ำผึ้งแล้วค่อยไปห้องฉุกเฉิน นอกจากน้ำผึ้งแล้ว ห้ามกินหรือดื่มอะไรจนกว่าผลการเอกซเรย์จะแสดงว่าแบตเตอรี่พ้นจากหลอดอาหารแล้ว
3. แบตเตอรี่ที่ติดอยู่ในหลอดอาหารจะต้องถูกนำออกโดยเร็วที่สุด เนื่องจากอาจเกิดความเสียหายร้ายแรงได้ภายในเวลาเพียง 2 ชั่วโมง
สังเกตอาการไข้ ปวดท้อง อาเจียน หรือมีเลือดปนในอุจจาระ หากมีอาการเหล่านี้ให้รายงานทันที
4. หากไม่จำเป็นต้องถอดออก ให้ตรวจสอบอุจจาระจนกว่าแบตเตอรี่จะหมด",Clinic,mild
Coin Swallowed,กลืนเหรียญ,"กินเหรียญ, เหรียญติดคอ, เด็กกลืนเงิน, หายใจออกแต่เจ็บ","1. งดน้ำ งดอาหารไว้ก่อน
2. ไม่ควรล้วงคอ หรือทำให้อาเจียน เนื่องจากอาจทำให้เกิดการบาดเจ็บเพิ่มขึ้น หรือสิ่งแปลกปลอมอาจหลุดมาอุดทางเดินหายใจทำให้เสียชีวิตได้
3. รีบไปพบแพทย์ เพื่อทำการตรวจประเมิน และนำตัวอย่าง หรือรูปสิ่งของที่เด็กกลืน ไปให้แพทย์ดูด้วย",Clinic,mild
High Fever (Child),ไข้สูง (เด็ก),"ตัวร้อนจัด, ลูกตัวร้อนจี๋, เช็ดตัว, ชักเพราะไข้, ซึม","1. เตรียมน้ำอุ่นและพื้นที่สำหรับเช็ดตัวให้พร้อม
2. ถอดเสื้อผ้าออก
3. ใช้ผ้าผืนเล็กชุบน้ำ บิดให้หมาด เช็ดบริเวณหน้า
4. เช็ดแขนและขาทั้ง 2 ข้าง (เช็ดจากปลายมือ ปลายเท้าสู่ลำตัวโดยเช็ดย้อนรูขุมขนเพื่อระบายความร้อน)
5. เช็ดหน้าผากและศีรษะ (พักผ้าไว้บริเวณศีรษะ ซอกคอ ซอกรักแร้ ขาหนีบ เพื่อระบายความร้อน)
6. เช็ดลำตัวด้านหน้า พลิกตัวคนไข้นอนตะแคงและเช็ดตัวด้านหลัง
หลังเช็ดตัวเสร็จ ควรซับตัวให้แห้ง สวมใส่เสื้อผ้าเบาสบาย แล้วให้พักผ่อนในห้องที่มีอากาศถ่ายเทสะดวก ไม่ร้อนจัดหรือเย็นจัด",Clinic,mild
Febrile Seizure,ไข้สูงชัก,"เด็กชัก, ตาเหลือก, ตัวร้อนแล้วชัก, เกร็งกระตุก, กัดลิ้น","1. จับให้นอนตะแคง ไม่หนุนหมอน หันศีรษะไปด้านใดด้านหนึ่งเพื่อป้องกันการสำลัก
2. คลายเสื้อผ้าให้หลวม
3. ห้ามใช้ช้อนหรือวัตถุอื่นๆ หรือนิ้วมืองัดปาก และห้ามป้อนยาหรือน้ำทางปากในขณะที่เด็กไม่รู้สึกตัว
4. เช็ดตัวด้วยน้ำจากก๊อกประปาหรือน้ำอุ่น ไม่ควรเช็ดตัวด้วยน้ำเย็นหรือแอลกอฮอล์
5. นำเด็กส่งโรงพยาบาลหรือรีบไปพบแพทย์ เพื่อให้แน่ใจว่าสาเหตุของการชักเกิดจากไข้สูง หรือจากสาเหตุอื่นๆ เช่น การติดเชื้อในสมอง ซึ่งต้องรักษาที่ต้นเหตุด้วย",Hospital,critical
Dehydration (Severe),ขาดน้ำรุนแรง,"ปากแห้ง, ตาลึก, ไม่มีแรง, ท้องเสียหนัก, อ้วกเยอะ, ไม่ฉี่","1. ให้ดื่มน้ำเปล่าหรือสารละลายเกลือแร่สำหรับดื่มทดแทนน้ำในร่างกาย
2. ตรวจสอบให้แน่ใจว่าบุคคลนั้นอยู่ในที่เย็นและร่มรื่น
3. คลายเสื้อผ้าที่รัดแน่นออกเพื่อให้หายใจได้สะดวกขึ้น",Clinic,mild
,ปวดท้องรุนแรง,"ปวดเอวรุนแรง, ปวดร้าวลงขาหนีบ, ฉี่เป็นเลือด, ปวดดิ้น","1. ใช้กระเป๋าน้ำร้อนประคบหน้าท้อง เพื่อช่วยผ่อนคลายกล้ามเนื้อที่หดเกร็ง
2. นอนพักในท่าที่สบายที่สุด เช่น นอนตะแคงคู้เข่า หรือนอนหงายชันเข่าขึ้น เพื่อลดแรงดันในช่องท้อง
3. หากมีอาการท้องเสียหรืออาเจียนร่วมด้วย ให้จิบน้ำเกลือแร่ (ORS) เพื่อป้องกันภาวะขาดน้ำ
4. หลีกเลี่ยง ชา กาแฟ น้ำอัดลม และอาหารที่มีไขมันสูง
5. ยาลดกรดหรือยาขับลมอาจช่วยได้ในกรณีปวดแน่นท้องไม่รุนแรง",Clinic,mild
Vertigo,บ้านหมุน,"เวียนหัว, เดินเซ, โลกหมุน, อ้วก, ทรงตัวไม่ได้, หูอื้อ","1. ให้ผู้ป่วยนอนบนพื้นราบ ระวังล้ม และพยายามให้ผู้ป่วยมองจุดใดจุดหนึ่งนิ่ง ๆ ไว้
2. หากมีอาการร่วม เช่น พูดไม่ชัด กลืนลำบาก เสียงแหบ แขนหรือขาอ่อนแรง ชา ต้องรีบนำตัวส่งโรงพยาบาลทันที
3. ถ้าผู้ป่วยเคยมีประวัติโรคที่เกี่ยวข้องกับหูชั้นใน เช่น โรคน้ำในหูไม่เท่ากัน หรือโรคหินปูนในหูชั้นในเคลื่อน เป็นต้น แนะนำให้รับประทานยาประจำตัวก่อน หากอาการยังไม่ดีขึ้นให้รีบมาพบแพทย์",Clinic,mild
Pesticide Poisoning,ได้รับสารกำจัดศัตรูพืช,"ยาฆ่าแมลง, เหม็นยา, น้ำลายฟูมปาก, กล้ามเนื้อกระตุก, ชาวนา","1. ทางผิวหนัง: ถอดเสื้อผ้าที่ปนเปื้อนออก ล้างผิวหนังด้วยสบู่และน้ำสะอาดปริมาณมาก ห้ามขัดผิวแรงๆ
2. ทางการหายใจ: ย้ายผู้ป่วยไปที่อากาศถ่ายเทสะดวก
3. ทางปาก: ห้ามทำให้ย้อนกลับ (อาเจียน) เว้นแต่มีคำสั่งจากแพทย์หรือศูนย์พิษวิทยา ห้ามให้ดื่มนมหรือน้ำมัน
4. นำฉลากหรือภาชนะบรรจุสารนั้นไปโรงพยาบาลด้วยเพื่อการรักษาที่ตรงจุด",Hospital,critical
Bleach Ingestion,กินน้ำยาซักผ้าขาว,"กินไฮเตอร์, แสบปาก, แสบคอ, กลิ่นคลอรีน, ห้ามทำให้อ้วก","1. ห้ามทำให้อาเจียน สารซักขาวมีฤทธิ์กัดกร่อน การอาเจียนจะทำให้สารกัดเนื้อเยื่อทางเดินอาหารซ้ำเป็นรอบที่สอง
2. ล้างปากด้วยน้ำสะอาดหลายๆ ครั้ง
3. หากผู้ป่วยยังรู้สึกตัวดี ให้ดื่มน้ำหรือนมปริมาณเล็กน้อยเพื่อเจือจางสาร (ห้ามดื่มมากเกินไปจนอาเจียน)
4. นำตัวส่งโรงพยาบาลทันทีพร้อมขวดน้ำยา",Hospital,critical
Glue Ingestion/Eye,กาวเข้าตา/ปาก,"กาวตราช้าง, ตาติด, ปากติด, แสบตา, ลืมตาไม่ได้","1. กรณีเข้าตา: ล้างตาด้วยน้ำสะอาดหรือน้ำเกลือไหลผ่านอย่างน้อย 15 นาที ห้ามพยายามแกะกาวออกเอง ห้ามขยี้ตา ปิดตาด้วยผ้าก๊อซเบาๆ แล้วไปพบจักษุแพทย์
2. กรณีเข้าปาก: หากกาวแห้งแล้วให้ใช้น้ำอุ่นบ้วนปากเพื่อให้กาวค่อยๆ หลุดออกเอง ห้ามดึงกาวที่ติดกับกระพุ้งแก้มหรือลิ้นแรงๆ เพราะเนื้อเยื่อจะฉีกขาด",Hospital,mild
Battery Acid Burn,กรดแบตเตอรี่โดนผิว,"น้ำกรด, แสบผิว, คัน, แดง, ล้างน้ำ","1. เปิดน้ำสะอาดให้ไหลผ่านบริเวณที่ถูกกรดนานอย่างน้อย 20 นาที เพื่อเจือจางสารเคมี
2.  ตัดเสื้อผ้าหรือถอดเครื่องประดับที่ปนเปื้อนออกขณะล้างน้ำ
3. ห้ามนำปูนใสหรือด่างใดๆ มาทา เพราะจะเกิดปฏิกิริยาความร้อนทำให้แผลไหม้หนักกว่าเดิม
4. ใช้ผ้าสะอาดหรือพลาสติกแรป (Wrap) ปิดแผลหลวมๆ ก่อนส่งโรงพยาบาล",Hospital,critical
Alcohol Poisoning,แอลกอฮอล์เป็นพิษ,"เมาหมดสติ, อ้วกไม่หยุด, หายใจช้า, ปลุกไม่ตื่น, กินเหล้าเยอะ","1. หากหมดสติให้จับนอนตะแคงข้าง (Recovery Position) เพื่อป้องกันการสำลักอาเจียนอุดทางเดินหายใจ
2. หากหายใจช้าลง (ต่ำกว่า 8 ครั้ง/นาที) หรือหยุดหายใจ ให้เริ่ม CPR
3. ห่มผ้าให้ผู้ป่วยเพราะแอลกอฮอล์ทำให้ร่างกายเสียความร้อนเร็ว
4. เพราะอาจทำให้เกิดภาวะช็อกหรืออุณหภูมิกายต่ำเกินไป",Hospital,critical
Pepper Spray,โดนสเปรย์พริกไทย,"แสบตา, ลืมตาไม่ขึ้น, หายใจไม่ออก, แสบหน้า, โดนฉีดใส่","1. ใช้น้ำยาล้างตาโดยใช้น้ำยาลดกรดและน้ำในอัตรา 1:1 โดยใช้เฉพาะยาลดกรดที่ใช้อะลูมิเนียมไฮดรอกไซด์หรือแมกนีเซียมไฮดรอกไซด์ เช่น น้ำยา Maalox
2. ขวดที่มีฝาฉีดเหมาะสำหรับล้างตา เริ่มล้างจากมุมด้านในของดวงตาไปทางด้านนอกเสมอ โดยเอียงศีรษะไปด้านหลังและเอียงไปทางด้านข้างเล็กน้อย เพื่อให้น้ำยาไหลเข้าตาได้ การเปิดตาอาจทำให้ความเจ็บปวดเพิ่มขึ้นชั่วคราว ดังนั้นคุณอาจต้องช่วยเปิดตาของผู้อื่นด้วย
3. วิธีนี้ใช้ได้ผลดีในการล้างปากเช่นกัน หากผู้ได้รับสารยังตื่นตัวและสามารถหายใจเองได้
4. เมื่อทำการปฐมพยาบาลเบื้องต้นแล้ว ควรเริ่มกางแขนออกแล้วเดินไปรอบๆ แล้วถอดเสื้อผ้าที่เปื้อนออก 
5. สารพิษอาจปนเปื้อนสิ่งรอบตัว ในระหว่างนี้พยายามอย่าสัมผัสดวงตา ใบหน้า สิ่งของ หรือผู้อื่น เพื่อหลีกเลี่ยงการปนเปื้อนเพิ่มเติม 
6. อาบน้ำโดยใช้น้ำเย็นที่สุดเพื่อไม่ให้รูขุมขนเปิด ซักเสื้อผ้าโดยใช้ผงซักฟอกเข้มข้น",Clinic,mild
Tear Gas,โดนแก๊สน้ำตา,"ควันขาว, แสบตา, แสบจมูก, ไอ, หายใจลำบาก, ม็อบ","1. ใช้น้ำยาล้างตาโดยใช้น้ำยาลดกรดและน้ำในอัตรา 1:1 โดยใช้เฉพาะยาลดกรดที่ใช้อะลูมิเนียมไฮดรอกไซด์หรือแมกนีเซียมไฮดรอกไซด์ เช่น น้ำยา Maalox
2. ขวดที่มีฝาฉีดเหมาะสำหรับล้างตา เริ่มล้างจากมุมด้านในของดวงตาไปทางด้านนอกเสมอ โดยเอียงศีรษะไปด้านหลังและเอียงไปทางด้านข้างเล็กน้อย เพื่อให้น้ำยาไหลเข้าตาได้ การเปิดตาอาจทำให้ความเจ็บปวดเพิ่มขึ้นชั่วคราว ดังนั้นคุณอาจต้องช่วยเปิดตาของผู้อื่นด้วย
3. วิธีนี้ใช้ได้ผลดีในการล้างปากเช่นกัน หากผู้ได้รับสารยังตื่นตัวและสามารถหายใจเองได้
4. เมื่อทำการปฐมพยาบาลเบื้องต้นแล้ว ควรเริ่มกางแขนออกแล้วเดินไปรอบๆ แล้วถอดเสื้อผ้าที่เปื้อนออก 
5. สารพิษอาจปนเปื้อนสิ่งรอบตัว ในระหว่างนี้พยายามอย่าสัมผัสดวงตา ใบหน้า สิ่งของ หรือผู้อื่น เพื่อหลีกเลี่ยงการปนเปื้อนเพิ่มเติม 
6. อาบน้ำโดยใช้น้ำเย็นที่สุดเพื่อไม่ให้รูขุมขนเปิด ซักเสื้อผ้าโดยใช้ผงซักฟอกเข้มข้น",Clinic,mild
Physical Assault (Blunt),ถูกทำร้ายร่างกาย (ไม่มีแผลเปิด),"โดนรุม, โดนเตะ, ช้ำใน, ปวดตัว, โดนซ้อม","1. ประคบเย็น บริเวณที่บวมช้ำเพื่อลดปวดและหดเส้นเลือดใน 48 ชม. แรก
2. หากโดนที่หัว ให้สังเกตอาการซึม อาเจียน หรือพูดไม่ชัด
3. ประเมินความเจ็บปวด หากปวดท้องรุนแรงหรือท้องแข็งตึง อาจมีการตกเลือดภายใน
4. ย้ายผู้ป่วยไปยังที่ปลอดภัยและติดต่อเจ้าหน้าที่",Hospital,mild
Panic Attack,แพนิค / ตื่นตระหนก,"หายใจไม่ออก, มือจีบ, ใจสั่น, กลัวตาย, ควบคุมตัวเองไม่ได้","1. ให้ผู้ป่วยหายใจเข้า-ออกช้าๆ (นับ 1-4 เข้า, นับ 1-4 ออก) เพื่อปรับสมดุลก๊าซในเลือด
2. ให้ผู้ป่วยบอกสิ่งที่มองเห็น 5 อย่าง, สิ่งที่สัมผัสได้ 4 อย่าง เพื่อดึงสติกลับมาอยู่กับปัจจุบัน
3. บอกผู้ป่วยสั้นๆ ว่า ""นี่คืออาการแพนิค มันจะผ่านไป คุณปลอดภัย""
4. พาไปยังที่สงบและอากาศถ่ายเท",none,mild
Severe Menstrual Cramp,ปวดประจำเดือนรุนแรง,"ปวดท้องเมนส์, หน้าซีด, จะเป็นลม, ปวดบิด, ทนไม่ไหว","1. วางถุงน้ำร้อนบริเวณท้องน้อยเพื่อช่วยให้กล้ามเนื้อมดลูกผ่อนคลาย
2. นอนตะแคงงอเข่าขึ้นมาทางอก (Fetal Position) ช่วยลดแรงตึงที่หน้าท้อง
3. รับประทานยาในกลุ่ม NSAIDs (เช่น Ibuprofen, Mefenamic Acid) ตามปริมาณที่กำหนด
4. หากปวดจนเป็นลม หรือปวดเฉียบพลันเหมือนมีอะไรแตกข้างใน ต้องไปพบแพทย์ทันที",Clinic,mild
Morning Sickness (Severe),แพ้ท้องรุนแรง,"อ้วกไม่หยุด, กินไม่ได้, หมดแรง, หน้ามืด, ตั้งครรภ์","1. จิบน้ำหรือน้ำผสมเกลือแร่ (ORS) ทีละนิดแต่บ่อยๆ
2. ทานอาหารอ่อน ย่อยง่าย และแบ่งเป็นมื้อเล็กๆ หลายๆ มื้อ
3. หลีกเลี่ยงกลิ่นน้ำหอม กลิ่นอาหาร หรือสิ่งที่ทำให้คลื่นไส้
4. หากปัสสาวะมีสีเข้มมาก ปากแห้ง หรือหน้ามืดเวลาลุกขึ้น ต้องรีบไปให้พยาบาลให้น้ำเกลือ","Hospital, Clinic",mild